Date,Day_of_Week,Is_Weekend,Data_Type,Predicted_Occupancy,Suggested_ADR,Projected_RevPAR
2023-01-01,6,1,History,0.8575192923052419,225.48552188316688,193.3581851503314
2023-01-02,0,0,History,0.7486459844440515,227.33537222246818,170.19371353644456
2023-01-03,1,0,History,0.6327668260545196,214.14999318460605,135.50701148702018
2023-01-04,2,0,History,0.5576574279880981,212.78980849032047,118.66381730479208
2023-01-05,3,0,History,0.5953606434166776,210.50356329125893,125.32553688258723
2023-01-06,4,0,History,0.6040044520394356,209.3049522892515,126.42112301660957
2023-01-07,5,1,History,0.9087244021410832,234.83231746485706,213.3978572916573
2023-01-08,6,1,History,0.8235711270885946,241.2031806074864,198.64797531026142
2023-01-09,0,0,History,0.6348789233573965,204.29609094853248,129.70328226752906
2023-01-10,1,0,History,0.638331747004116,202.7291795274514,129.40847133646912
2023-01-11,2,0,History,0.7105538686104853,226.72594203492957,161.10099522727586
2023-01-12,3,0,History,0.7304112067649798,209.70954756996144,153.17420371071347
2023-01-13,4,0,History,0.6004265610447501,234.19056609106133,140.61423622717922
2023-01-14,5,1,History,0.8389331307897264,234.69324688456408,196.89194038407354
2023-01-15,6,1,History,0.804814035664008,233.96046472964963,188.2946658048961
2023-01-16,0,0,History,0.7290280703432517,214.81860878909131,156.6087958393331
2023-01-17,1,0,History,0.5811973033846352,204.96708189604806,119.1263152806008
2023-01-18,2,0,History,0.6049229132457011,206.22472015574658,124.75005849989368
2023-01-19,3,0,History,0.7139787746679626,215.97952759010985,154.20479846215204
2023-01-20,4,0,History,0.5629730825922061,212.6269257743189,119.70323584527252
2023-01-21,5,1,History,0.9408689967908248,239.59113929682965,225.42387487017888
2023-01-22,6,1,History,0.8348074641665121,243.65575870749302,203.4056460561698
2023-01-23,0,0,History,0.7201842477630204,248.65024827750025,179.07399201181977
2023-01-24,1,0,History,0.5517293140288531,202.21751900141982,111.5693330432699
2023-01-25,2,0,History,0.5749055695793143,209.01371209369768,120.16314720111407
2023-01-26,3,0,History,0.6376702271346192,217.561843285117,138.73271002344697
2023-01-27,4,0,History,0.7158255357696983,239.697601702905,171.5816641616937
2023-01-28,5,1,History,0.9179846281035989,240.97198495997802,221.20857799687144
2023-01-29,6,1,History,0.9050243223730396,232.21226304072033,210.15774600513797
2023-01-30,0,0,History,0.7413685428972323,211.4734492334662,156.77976291966667
2023-01-31,1,0,History,0.7840626184994693,227.8264223756246,178.6301812911983
2023-02-01,2,0,History,0.7121252053255211,216.72871834201328,154.33798304924323
2023-02-02,3,0,History,0.6495580505756807,235.05589795056807,152.68245084908713
2023-02-03,4,0,History,0.6619581452746793,233.89443873423758,154.82832885457802
2023-02-04,5,1,History,1.0,239.656271720764,239.656271720764
2023-02-05,6,1,History,0.9421609121307727,237.10849017758548,223.3943513796643
2023-02-06,0,0,History,0.6077293537452981,211.5106364533987,128.54122240208068
2023-02-07,1,0,History,0.7188647132827439,235.85873555386203,169.55052230915754
2023-02-08,2,0,History,0.7935857145481278,229.92870281852328,182.46813392136193
2023-02-09,3,0,History,0.7311944241231791,216.64703603243746,158.41110474973175
2023-02-10,4,0,History,0.6738370481455004,216.7948867155228,146.08442651742604
2023-02-11,5,1,History,0.9755920633679311,241.27435769783267,235.38534846420086
2023-02-12,6,1,History,1.0,256.02477209439485,256.02477209439485
2023-02-13,0,0,History,0.7815826468466069,221.06792756801366,172.7828559615021
2023-02-14,1,0,History,0.6547308544795785,210.36872492368815,137.73489502506573
2023-02-15,2,0,History,0.7322633128213824,234.8456694166992,171.96886788882736
2023-02-16,3,0,History,0.7006415312408769,212.38050365094696,148.80260128370813
2023-02-17,4,0,History,0.7506422158402821,210.6029412584266,158.08745848870612
2023-02-18,5,1,History,0.9812265108453218,249.07258859809522,244.39662705732124
2023-02-19,6,1,History,0.845259800797562,230.92124603771026,195.1884464257598
2023-02-20,0,0,History,0.8480115697177487,239.9153119810744,203.45096031239433
2023-02-21,1,0,History,0.726972295805431,225.871948927854,164.2026492701291
2023-02-22,2,0,History,0.6469236001555743,214.37317506912382,138.68306619249879
2023-02-23,3,0,History,0.7492552637195008,224.31509211725012,168.06926350057435
2023-02-24,4,0,History,0.6455300967647526,207.1944251832469,133.75023733765866
2023-02-25,5,1,History,0.9332995306245093,244.16342377238337,227.87760880243854
2023-02-26,6,1,History,1.0,258.8128478143277,258.8128478143277
2023-02-27,0,0,History,0.6819038714019583,208.45591972620105,142.14689867795235
2023-02-28,1,0,History,0.7561709116892129,225.56311740530595,170.56426813183117
2023-03-01,2,0,History,0.641135907845936,224.49747834193974,143.9333945858829
2023-03-02,3,0,History,0.8341841860476966,238.47265953693667,198.930121390449
2023-03-03,4,0,History,0.7161560738472735,234.71033634823448,168.08923297052462
2023-03-04,5,1,History,0.9873761668388904,243.0561933855457,239.98789255147219
2023-03-05,6,1,History,0.9927490417963806,230.96721969568938,229.29248603926976
2023-03-06,0,0,History,0.7653229736644044,228.53881540599733,174.90600580425826
2023-03-07,1,0,History,0.6600930727710865,219.63501542737347,144.97955222157995
2023-03-08,2,0,History,0.7368523746859669,237.36945701332343,174.9062480781859
2023-03-09,3,0,History,0.7052072518684274,232.4021825339126,163.89170447296513
2023-03-10,4,0,History,0.654653391232966,220.8327753534212,144.56892528050494
2023-03-11,5,1,History,1.0,257.65390214170435,257.65390214170435
2023-03-12,6,1,History,0.9733697595113048,245.4187613690641,238.88320073336823
2023-03-13,0,0,History,0.7539654793946974,213.20540182627758,160.74951299748847
2023-03-14,1,0,History,0.751650748380676,226.3422870118767,170.1303494226709
2023-03-15,2,0,History,0.7266926103699801,232.4949956732758,168.95239530377003
2023-03-16,3,0,History,0.8429208352623841,240.8556922245239,203.0222812675954
2023-03-17,4,0,History,0.7424977580167778,232.5878491932714,172.69595656794843
2023-03-18,5,1,History,0.9176119723938927,237.48364036892175,217.91783165020817
2023-03-19,6,1,History,0.9760960002666972,244.9541316464855,239.0987481489365
2023-03-20,0,0,History,0.771664132231454,232.00066810429144,179.02659422981563
2023-03-21,1,0,History,0.7738257260092689,221.91749865583935,171.72546951151585
2023-03-22,2,0,History,0.6932820257497257,214.17103187564257,148.48092683565457
2023-03-23,3,0,History,0.7945765417263364,232.43747653640813,184.68936627389564
2023-03-24,4,0,History,0.6603465278195509,223.64370021352417,147.68234090471725
2023-03-25,5,1,History,1.0,248.00471326670592,248.00471326670592
2023-03-26,6,1,History,0.9331652915772225,231.68463454718585,216.2000595511869
2023-03-27,0,0,History,0.738075588471643,216.449519696736,159.7561066245729
2023-03-28,1,0,History,0.8028271798675584,232.3194388356868,186.51235990886815
2023-03-29,2,0,History,0.755745596617688,227.48976930042846,171.92439142437252
2023-03-30,3,0,History,0.790722427571631,231.48462413371658,183.04008394051894
2023-03-31,4,0,History,0.7808983732824802,233.3027902342056,182.18576937615487
2023-04-01,5,1,History,1.0,250.0581055854245,250.0581055854245
2023-04-02,6,1,History,1.0,252.65056044840313,252.65056044840313
2023-04-03,0,0,History,0.7272447266762815,222.27420443933948,161.64774305467535
2023-04-04,1,0,History,0.7814790390274282,239.6352387320372,187.26991608142077
2023-04-05,2,0,History,0.6733599810449215,231.65941841666717,155.99018159392452
2023-04-06,3,0,History,0.7466035898962363,212.7702461658233,158.85502961050958
2023-04-07,4,0,History,0.7901900333970316,226.4664839186806,178.95155849101056
2023-04-08,5,1,History,1.0,250.32724491540708,250.32724491540708
2023-04-09,6,1,History,1.0,247.3308528798568,247.3308528798568
2023-04-10,0,0,History,0.7376380197365615,241.69302788696487,178.2819664746743
2023-04-11,1,0,History,0.8043456943713316,232.67412221803053,187.15042839770186
2023-04-12,2,0,History,0.7434181941115476,216.2881011406513,160.79250955779875
2023-04-13,3,0,History,0.7236695446266208,228.33137785826878,165.23646423866225
2023-04-14,4,0,History,0.790727453223308,231.7824907107927,183.27677858150014
2023-04-15,5,1,History,0.9255597333761362,245.59790253314785,227.3155291863186
2023-04-16,6,1,History,1.0,268.0787615879919,268.0787615879919
2023-04-17,0,0,History,0.6923963385732653,222.74748561487462,154.22954346614029
2023-04-18,1,0,History,0.8077040140100027,227.73378616226032,183.94149320895326
2023-04-19,2,0,History,0.730000786832227,203.44731442012167,148.5166996055923
2023-04-20,3,0,History,0.7490034730428101,223.2463571228459,167.21229682916706
2023-04-21,4,0,History,0.7620426913407693,239.26396830734882,182.32935834980464
2023-04-22,5,1,History,0.8940479721286068,238.4931060172988,213.22427780141882
2023-04-23,6,1,History,0.9570793475778541,223.30743577259037,213.72293493851433
2023-04-24,0,0,History,0.7908209037932917,224.0984664574047,177.22175178253545
2023-04-25,1,0,History,0.7810257951174534,238.02946490087328,185.90715208558652
2023-04-26,2,0,History,0.7507423047838933,230.53240222400947,173.0704269730204
2023-04-27,3,0,History,0.6680301917774264,208.4042102126353,139.22030451556984
2023-04-28,4,0,History,0.7636510666531652,220.7122589013257,168.54715193342693
2023-04-29,5,1,History,1.0,245.89291340897583,245.89291340897583
2023-04-30,6,1,History,0.9843526912522176,241.80813140659245,238.02448491674915
2023-05-01,0,0,History,0.7919144953359711,208.8947108562013,165.42674952604227
2023-05-02,1,0,History,0.6952997297009805,227.16588397629664,157.94837772600337
2023-05-03,2,0,History,0.7026554465874753,232.83614422563846,163.60358490257178
2023-05-04,3,0,History,0.6025567796486688,195.0711885252195,117.54146715999462
2023-05-05,4,0,History,0.7713801974201787,239.57654906788105,184.80460571722722
2023-05-06,5,1,History,0.9896462279820931,247.93439078423714,245.3673346266585
2023-05-07,6,1,History,0.8883896914602258,251.09029262770133,223.0660275961814
2023-05-08,0,0,History,0.6330420419484343,213.6837085577479,135.27077119651085
2023-05-09,1,0,History,0.6757958981988418,218.93503574147047,147.95539912610258
2023-05-10,2,0,History,0.7575303753608249,229.47738400590464,173.8360888428131
2023-05-11,3,0,History,0.7012145818006247,212.22079492870967,148.81231596533127
2023-05-12,4,0,History,0.6743439460855651,229.38113605183673,154.68178044278548
2023-05-13,5,1,History,0.9125942294756264,230.0456165668148,209.93830219503775
2023-05-14,6,1,History,0.90863770373588,236.8431029284213,215.2045731905614
2023-05-15,0,0,History,0.6127497180575951,216.5176185821912,132.67110974073958
2023-05-16,1,0,History,0.6472817454690756,209.63622214205293,135.69369978165088
2023-05-17,2,0,History,0.6523086375322183,223.0061761613713,145.46885493309398
2023-05-18,3,0,History,0.738123345855904,237.57099631742997,175.35669868014205
2023-05-19,4,0,History,0.6938298587642217,229.50844588696054,159.23981259494585
2023-05-20,5,1,History,1.0,230.6388468632138,230.6388468632138
2023-05-21,6,1,History,1.0,251.25846969619357,251.25846969619357
2023-05-22,0,0,History,0.6631133613081512,226.59816223777904,150.26026902774345
2023-05-23,1,0,History,0.7526695679085569,212.09946832263512,159.64081517603242
2023-05-24,2,0,History,0.7733481178838849,234.57091766067725,181.4049776831805
2023-05-25,3,0,History,0.6117455926008711,217.84916707648023,133.26826781080757
2023-05-26,4,0,History,0.6918659360475494,207.06569468537228,143.26170067683117
2023-05-27,5,1,History,0.9101891576402374,249.36124242142535,226.96589918768018
2023-05-28,6,1,History,0.9039921695335597,243.1261948886553,219.78417638783455
2023-05-29,0,0,History,0.7095549066214429,227.459308549357,161.39486843791698
2023-05-30,1,0,History,0.6484659824031258,205.18347438266125,133.054503288439
2023-05-31,2,0,History,0.6526109063360545,216.7624517973193,141.46154012707387
2023-06-01,3,0,History,0.6667805272356017,199.62926718223693,133.10890802342874
2023-06-02,4,0,History,0.654270942647475,192.65718218941697,126.04999619887617
2023-06-03,5,1,History,0.8619954158004733,237.60782584532484,204.81685663698724
2023-06-04,6,1,History,1.0,261.0059760676131,261.0059760676131
2023-06-05,0,0,History,0.7185043645779543,224.37980460044622,161.21786892856915
2023-06-06,1,0,History,0.6809309804721939,217.4586374077779,148.0743231822255
2023-06-07,2,0,History,0.6425757612712298,212.38223492657426,136.47167628842863
2023-06-08,3,0,History,0.6237780046819809,202.95214655376742,126.597085023234
2023-06-09,4,0,History,0.6214751916342723,209.92891012547418,130.46560964980299
2023-06-10,5,1,History,1.0,254.21684468264445,254.21684468264445
2023-06-11,6,1,History,0.9487337619789422,240.52115386988794,228.1905391464948
2023-06-12,0,0,History,0.6074057684045127,218.24644537880903,132.564149856869
2023-06-13,1,0,History,0.6552009475122311,217.47984508986912,142.4930005676955
2023-06-14,2,0,History,0.6263801716360555,215.80781134133963,135.1777339083898
2023-06-15,3,0,History,0.6712246200876969,226.00908954427928,151.70286526572514
2023-06-16,4,0,History,0.6667247790486681,211.4049235783169,140.9489009625539
2023-06-17,5,1,History,0.9412338097674139,250.7171868386109,235.98349294227427
2023-06-18,6,1,History,0.842018027601482,230.33703558762846,193.94793638906728
2023-06-19,0,0,History,0.6372649022478759,217.121635062976,138.3639975443064
2023-06-20,1,0,History,0.5420735842211601,197.74964491575034,107.1948587979425
2023-06-21,2,0,History,0.5640979728373922,197.30275905309188,111.29808641707355
2023-06-22,3,0,History,0.6686260937687365,217.78125683335858,145.6142310525345
2023-06-23,4,0,History,0.5743356899677149,188.58156847656034,108.30912524617915
2023-06-24,5,1,History,0.8272667867154945,229.76400423646064,190.07612948758205
2023-06-25,6,1,History,0.8663349473407518,220.56972467798337,191.08726081386484
2023-06-26,0,0,History,0.6489185640149069,222.68419674462677,144.50390918033622
2023-06-27,1,0,History,0.5585666320933147,216.35776917042062,120.85023045274464
2023-06-28,2,0,History,0.43499155016686475,184.85964280247842,80.41238258594299
2023-06-29,3,0,History,0.562942172843504,210.57734690908535,118.54286922062083
2023-06-30,4,0,History,0.6641541699317117,225.40677413004607,149.70484896932558
2023-07-01,5,1,History,0.868447802084147,245.86947243343255,213.52480293440325
2023-07-02,6,1,History,0.9149026906560574,243.63477740532215,222.90211338551887
2023-07-03,0,0,History,0.5395364268592954,211.29668944154452,114.00226082848913
2023-07-04,1,0,History,0.5115768516661175,194.66437204740782,99.58578658357467
2023-07-05,2,0,History,0.6140954360275082,212.24076825931763,130.33608712701897
2023-07-06,3,0,History,0.6003931649992328,205.36828243201552,123.30171307981414
2023-07-07,4,0,History,0.601097203546283,202.77184061677468,121.88558635267587
2023-07-08,5,1,History,0.8799009810642742,238.3507320211237,209.72504294277465
2023-07-09,6,1,History,0.8517720195777259,238.65250571935331,203.27752677385834
2023-07-10,0,0,History,0.5984110001190378,221.47618769145367,132.53378697899453
2023-07-11,1,0,History,0.6113292987492795,213.78448514791683,130.69271938895176
2023-07-12,2,0,History,0.5981558437505171,216.23488972466723,129.34216291155835
2023-07-13,3,0,History,0.6133713631168338,217.86996804417873,133.63519928147895
2023-07-14,4,0,History,0.6183979039229597,238.71513404926557,147.62093853075416
2023-07-15,5,1,History,0.892038589527454,221.10353492001963,197.23288542958846
2023-07-16,6,1,History,0.7804871066826757,221.1693719998958,172.61984323902306
2023-07-17,0,0,History,0.5844782814613363,223.18838867101445,130.4487658525593
2023-07-18,1,0,History,0.5394492302902527,200.42479228049052,108.1189999267944
2023-07-19,2,0,History,0.5138151277450131,210.2395441505185,108.024258234752
2023-07-20,3,0,History,0.5185569278056077,204.15578801818916,105.86639822844506
2023-07-21,4,0,History,0.5753365035443968,228.58567436651978,131.51368265037155
2023-07-22,5,1,History,0.81907078083869,220.77653381323188,180.8316079412633
2023-07-23,6,1,History,0.8157635418524567,243.79435971043378,198.87855036103534
2023-07-24,0,0,History,0.5320581228409387,220.70162533681886,117.42609248465199
2023-07-25,1,0,History,0.5411321960604505,193.96903083436504,104.9628876231172
2023-07-26,2,0,History,0.5794842409714593,215.7771265329594,125.0394443879545
2023-07-27,3,0,History,0.4617802960221016,186.52304974391961,86.13266912569237
2023-07-28,4,0,History,0.535154287268855,203.81704445223673,109.07356515708128
2023-07-29,5,1,History,0.7861118033800707,226.04530103618535,177.69687924314664
2023-07-30,6,1,History,0.8169912873028029,207.6715893812834,169.66587914483384
2023-07-31,0,0,History,0.4595466733365552,200.1970099307745,91.99986992561273
2023-08-01,1,0,History,0.5995704152590042,211.39043320196274,126.74344981668159
2023-08-02,2,0,History,0.5332721625690476,218.11800599096236,116.31626075004898
2023-08-03,3,0,History,0.5337195201104569,209.4833885575411,111.80537361204321
2023-08-04,4,0,History,0.49814494635229106,222.7233338760167,110.94850320507176
2023-08-05,5,1,History,0.7929627283783157,230.3666966586187,182.67220430991813
2023-08-06,6,1,History,0.7663318623285066,225.5778857128276,172.8675212584382
2023-08-07,0,0,History,0.5722813093614523,205.38456442897427,117.53774745404495
2023-08-08,1,0,History,0.4376816781130808,189.37228070099033,82.88477760531083
2023-08-09,2,0,History,0.5164846015000263,179.57095098617694,92.74563106107635
2023-08-10,3,0,History,0.5261111952294961,200.40917325287003,105.43750967502262
2023-08-11,4,0,History,0.49437317329636093,178.75877006527617,88.37354041172512
2023-08-12,5,1,History,0.7314932552532849,227.66965897118618,166.5388199632382
2023-08-13,6,1,History,0.7316425564195346,210.7636527172476,154.203657674366
2023-08-14,0,0,History,0.5066159520468391,191.71826897379972,97.12753336093351
2023-08-15,1,0,History,0.5555098709179181,198.85688514346631,110.46696259718625
2023-08-16,2,0,History,0.5424132065370848,202.191970275576,109.67159493322612
2023-08-17,3,0,History,0.4683418695638132,196.90286950577166,92.21785802681264
2023-08-18,4,0,History,0.49695650175536593,210.5404460062673,104.6294435252891
2023-08-19,5,1,History,0.757171811712114,219.94188023613586,166.5337919297638
2023-08-20,6,1,History,0.7108097065045509,225.88243201267878,160.55942520346636
2023-08-21,0,0,History,0.4788647877314688,225.19515110538254,107.83802823223505
2023-08-22,1,0,History,0.38200538176366866,191.97404520399917,73.33511842686949
2023-08-23,2,0,History,0.5187587021048464,200.07097232116828,103.78855793018391
2023-08-24,3,0,History,0.534576020448716,195.66608552558864,104.59839733704729
2023-08-25,4,0,History,0.3939783304549206,187.45451759128878,73.8530178768485
2023-08-26,5,1,History,0.7071946484482995,211.85726140873587,149.82432150317044
2023-08-27,6,1,History,0.6645534012793728,219.141954394775,145.63153115605692
2023-08-28,0,0,History,0.46572416201283423,197.60785758767736,92.03075388217252
2023-08-29,1,0,History,0.5056444581330884,178.9422536041309,90.48115886077447
2023-08-30,2,0,History,0.6712171195003572,216.93613189237504,145.61124556434956
2023-08-31,3,0,History,0.5266213402638557,213.4235971527857,112.39342077653322
2023-09-01,4,0,History,0.5347712434282124,199.48600582079374,106.67937937931347
2023-09-02,5,1,History,0.7068775304811914,214.1587853240035,151.3840333006832
2023-09-03,6,1,History,0.6594434701689041,202.16733928572188,133.31793177339065
2023-09-04,0,0,History,0.4598945913743652,177.40953872119246,81.58968731609743
2023-09-05,1,0,History,0.6461600047664762,222.92949314728017,144.04812235463467
2023-09-06,2,0,History,0.5520463164398247,203.38984834819053,112.28061658187315
2023-09-07,3,0,History,0.545369303763503,212.25714599638454,115.75853193087644
2023-09-08,4,0,History,0.5062508186090531,215.9383193067,109.31895091807998
2023-09-09,5,1,History,0.7000630519227367,229.2187820413771,160.46760011389904
2023-09-10,6,1,History,0.6739242015351232,211.96869693912436,142.8508348351399
2023-09-11,0,0,History,0.4251297744358048,193.96165409015606,82.45887425254364
2023-09-12,1,0,History,0.46145607368818203,189.99787871724902,87.67567512194513
2023-09-13,2,0,History,0.4454777203689156,187.46488741087492,83.51143069301199
2023-09-14,3,0,History,0.5037174652160368,203.79989814562992,102.65756810520318
2023-09-15,4,0,History,0.4383306263002462,185.5101237988429,81.31476874978301
2023-09-16,5,1,History,0.7300844230769649,200.9169261168095,146.68631809038803
2023-09-17,6,1,History,0.7027360262968974,211.39212367241595,148.55286098001588
2023-09-18,0,0,History,0.4670818852749983,193.6393770406261,90.44544529161186
2023-09-19,1,0,History,0.7415551244733574,239.36949742565497,177.50567745860656
2023-09-20,2,0,History,0.4879467942654837,193.88530492783474,94.60571299472275
2023-09-21,3,0,History,0.4882347815199293,203.94271906228568,99.57192888395537
2023-09-22,4,0,History,0.4746948127562562,195.78639893600493,92.93878798314853
2023-09-23,5,1,History,0.7317086067584571,235.43491211454952,172.26975152563682
2023-09-24,6,1,History,0.6537930337327352,226.95026722791312,148.37850371739228
2023-09-25,0,0,History,0.4668964914803443,208.45140020043362,97.3252273977476
2023-09-26,1,0,History,0.5129612531112512,183.95629001695158,94.36244904479223
2023-09-27,2,0,History,0.47488265422116605,199.55550589456655,94.76544830365931
2023-09-28,3,0,History,0.3986321675221688,197.45260275343637,78.7109590184961
2023-09-29,4,0,History,0.44757973241444216,198.57335886733753,88.87741082647993
2023-09-30,5,1,History,0.7187613981187747,228.24210307009577,164.0516131122315
2023-10-01,6,1,History,0.662131413194656,216.79665136232038,143.54787314240232
2023-10-02,0,0,History,0.3821211648668487,180.7642744194196,69.07385510745932
2023-10-03,1,0,History,0.4343076048922211,176.4597866393596,76.63782729513262
2023-10-04,2,0,History,0.41319306642828024,184.86361235634328,76.3843628605264
2023-10-05,3,0,History,0.44968680246427817,221.74977898281173,99.717949057941
2023-10-06,4,0,History,0.3710419182031087,182.24768005940413,67.62152879730776
2023-10-07,5,1,History,0.7291023670927149,203.31633444836405,148.23842071491632
2023-10-08,6,1,History,0.6694364168226423,224.27013528955504,150.13459576856894
2023-10-09,0,0,History,0.5012977375709649,208.6843738439229,104.61300447437199
2023-10-10,1,0,History,0.43805264165108315,206.67850806662972,90.53606643109184
2023-10-11,2,0,History,0.45105947516796174,199.81573255386397,90.1287794560477
2023-10-12,3,0,History,0.44415228552441266,202.87124369711077,90.10572655525185
2023-10-13,4,0,History,0.4189147642691378,210.29364777533368,88.09511388510101
2023-10-14,5,1,History,0.8274989048377699,225.29515556315584,186.43149449376645
2023-10-15,6,1,History,0.6796971028219096,208.5312032279538,141.73805468200706
2023-10-16,0,0,History,0.5063150854750548,189.68564315197617,96.04070262588355
2023-10-17,1,0,History,0.40114908511598507,187.4572126466587,75.1982893515998
2023-10-18,2,0,History,0.4751713455658722,211.8513587548389,100.66569519949513
2023-10-19,3,0,History,0.4812851307523187,203.4091967526942,97.89782185534456
2023-10-20,4,0,History,0.4569516930310221,200.58208883019438,91.6563250826562
2023-10-21,5,1,History,0.680471355326737,199.85405624602643,135.99496052127952
2023-10-22,6,1,History,0.696758320545863,212.7439637822221,148.23112691117097
2023-10-23,0,0,History,0.44070427236446447,175.71385090782607,77.43784480869148
2023-10-24,1,0,History,0.5819556209342776,219.90801998664318,127.97670831975445
2023-10-25,2,0,History,0.46175064729995896,212.0315296588532,97.90569606797591
2023-10-26,3,0,History,0.49019236701280205,206.814903973684,101.37908731238552
2023-10-27,4,0,History,0.5541366240734318,195.54580194994773,108.35909054427593
2023-10-28,5,1,History,0.6723868646323586,232.05891139939376,156.03336384583667
2023-10-29,6,1,History,0.7192728851668923,219.39473941643712,157.80468721049922
2023-10-30,0,0,History,0.455156937644294,183.37110095690278,83.46262876400654
2023-10-31,1,0,History,0.4655746245163922,186.9134199055223,87.02214528958828
2023-11-01,2,0,History,0.4622348079027553,191.92191443435715,88.71298925089411
2023-11-02,3,0,History,0.58593358198936,209.08914340378305,122.51235074966556
2023-11-03,4,0,History,0.4836777534046599,196.75433322394804,95.16569386639102
2023-11-04,5,1,History,0.6721927671743237,203.0925925357221,136.51737176919445
2023-11-05,6,1,History,0.7762226538700887,239.7554294788653,186.10359574984773
2023-11-06,0,0,History,0.509434631481626,199.4374039537942,101.60032038685333
2023-11-07,1,0,History,0.4551226959555976,188.37473103285325,85.73361543758274
2023-11-08,2,0,History,0.4591089854177904,207.01392216160667,95.04195177097267
2023-11-09,3,0,History,0.4967311504567963,187.8390531630143,93.30550897837942
2023-11-10,4,0,History,0.5946605101871001,193.17714918296485,114.87482208963142
2023-11-11,5,1,History,0.8268531349349592,245.41018795948332,202.91818325927636
2023-11-12,6,1,History,0.7558504732801051,244.4989258235139,184.8046288001803
2023-11-13,0,0,History,0.509350604124586,196.31410022594463,99.99270554825942
2023-11-14,1,0,History,0.5255256482734774,202.09286474817628,106.20498375822952
2023-11-15,2,0,History,0.46427834295423026,184.961187150214,85.87347348094862
2023-11-16,3,0,History,0.5495317500314916,205.00810050558312,112.65846024146501
2023-11-17,4,0,History,0.502668753227223,195.50982268541034,98.27667881295066
2023-11-18,5,1,History,0.7963407307249997,228.61278867214997,182.05367518425984
2023-11-19,6,1,History,0.7408571509352416,228.17829896949658,169.047524479791
2023-11-20,0,0,History,0.568569477181312,195.87549293782274,111.36882661228965
2023-11-21,1,0,History,0.6747523362177129,213.8571202294456,144.30059149161073
2023-11-22,2,0,History,0.6158183389427241,193.54401967649062,119.18795670947436
2023-11-23,3,0,History,0.49025238864161946,195.4753660230291,95.83226511338488
2023-11-24,4,0,History,0.5210184667604226,201.16750596687228,104.81198552087797
2023-11-25,5,1,History,0.7113011466384219,223.41993891445298,158.91885873173658
2023-11-26,6,1,History,0.7385298246790212,226.2487478715342,167.09144809941222
2023-11-27,0,0,History,0.5480690304172523,213.8461305490938,117.202441428523
2023-11-28,1,0,History,0.5757654461462302,192.1798794218898,110.6505340156731
2023-11-29,2,0,History,0.6697381764812036,202.11104734861743,135.36148429796924
2023-11-30,3,0,History,0.5188679130910232,207.17637067302752,107.49717109288605
2023-12-01,4,0,History,0.47927299709372345,177.53768693931818,85.08901931649423
2023-12-02,5,1,History,0.8158562120014938,233.4186233211993,190.43603383343722
2023-12-03,6,1,History,0.724076098339507,210.60468043805176,152.49381530362322
2023-12-04,0,0,History,0.5609794681402752,221.82609322319934,124.43988379598547
2023-12-05,1,0,History,0.509970875307729,203.50161160805067,103.7798949982911
2023-12-06,2,0,History,0.548000708127172,202.60851061558657,111.0296072899331
2023-12-07,3,0,History,0.5943291067273373,221.7101194441255,131.76877724163836
2023-12-08,4,0,History,0.5366138176094241,193.02736169523288,103.58114946235402
2023-12-09,5,1,History,0.8411852727828301,225.38443093740491,189.59006401908388
2023-12-10,6,1,History,0.8406065091045016,221.44610257389908,186.1490352394427
2023-12-11,0,0,History,0.4561549886454282,186.9651066010529,85.28506607869456
2023-12-12,1,0,History,0.5067295134443666,201.28410743811054,101.99659782619736
2023-12-13,2,0,History,0.476171473231783,202.5566660431155,96.45170608266858
2023-12-14,3,0,History,0.6568144901944153,225.29566587311695,147.97745792346262
2023-12-15,4,0,History,0.5539366800980179,187.1464275407944,103.66727076415191
2023-12-16,5,1,History,0.9007384663809039,238.35521677345747,214.695712410412
2023-12-17,6,1,History,0.7325514710720082,212.17350179529282,155.42801086264114
2023-12-18,0,0,History,0.5380733518219486,201.75446426731386,108.55870083335513
2023-12-19,1,0,History,0.6092592371080057,234.26755951207096,142.72967458747868
2023-12-20,2,0,History,0.5807297237448477,210.99158999448494,122.5290877699834
2023-12-21,3,0,History,0.6009490230134513,219.0895520128276,131.66165223456346
2023-12-22,4,0,History,0.514163265210695,221.02323924267995,113.64203037646094
2023-12-23,5,1,History,0.8982483588269566,251.09841831444322,225.54874215499325
2023-12-24,6,1,History,0.8708195980529616,232.60281500842632,202.5550898716252
2023-12-25,0,0,History,0.6046160206574583,197.70328120004646,119.53457115009459
2023-12-26,1,0,History,0.5528247661352926,204.98103391832075,113.31859213806615
2023-12-27,2,0,History,0.6058696423599491,204.90990639380806,124.14869170282714
2023-12-28,3,0,History,0.5776825509668373,192.523042230492,111.21720215560676
2023-12-29,4,0,History,0.5123121977547,203.6404697483647,104.32749660858423
2023-12-30,5,1,History,0.8448968539905503,237.14854837964836,200.36606245439071
2023-12-31,6,1,History,0.8421634800888738,251.90751501152025,212.1473095026421
2024-01-01,0,0,History,0.6557020789171312,211.95257720334496,138.97774550407703
2024-01-02,1,0,History,0.6434419196277017,217.14540585246465,139.72045678004622
2024-01-03,2,0,History,0.6195029415262231,205.29544000572017,127.1811289654639
2024-01-04,3,0,History,0.5525419616150621,213.98589046844086,118.23618367737812
2024-01-05,4,0,History,0.6288558869203943,211.6394107301381,133.09068934201062
2024-01-06,5,1,History,0.8841792573959805,226.69200965107063,200.43637275088608
2024-01-07,6,1,History,0.8636889678783932,236.23417857118775,204.0328538677492
2024-01-08,0,0,History,0.6609564720575439,220.0008761814044,145.4110029704296
2024-01-09,1,0,History,0.5608580201446571,208.63853588860135,117.01659616436095
2024-01-10,2,0,History,0.6810799941413066,228.56696656908935,155.6723882517716
2024-01-11,3,0,History,0.5928300631667796,194.80244259627105,115.48474434939031
2024-01-12,4,0,History,0.5529707424557981,196.8696483454304,108.86315561258453
2024-01-13,5,1,History,0.8696684284256344,243.3647161605188,211.64661023756898
2024-01-14,6,1,History,0.7810430387668932,220.8516140970786,172.4946157909555
2024-01-15,0,0,History,0.651011688879738,217.50588138127588,141.59887117930037
2024-01-16,1,0,History,0.6278312015011045,188.58566767599282,118.39996632290658
2024-01-17,2,0,History,0.7049567110008931,247.65513682321813,174.58615071737202
2024-01-18,3,0,History,0.6781843942237932,215.12125410680594,145.89187740108687
2024-01-19,4,0,History,0.5785906323944541,219.79862583932817,127.17342592380888
2024-01-20,5,1,History,0.8587090603832227,232.50192778248737,199.65151194338762
2024-01-21,6,1,History,0.9290846393531662,247.05544922262547,229.53542294123744
2024-01-22,0,0,History,0.6978126319328527,234.700459656738,163.77694546891865
2024-01-23,1,0,History,0.718974556680885,233.55551586017236,167.92047347594283
2024-01-24,2,0,History,0.7209486626461633,220.05031646776408,158.64498137229953
2024-01-25,3,0,History,0.6581029098794522,214.4577477340083,141.13526782994435
2024-01-26,4,0,History,0.983049119995123,258.34057760134516,253.96147747003414
2024-01-27,5,1,History,0.9821713264582514,271.54957668867814,266.7082079354957
2024-01-28,6,1,History,0.9043671175386301,242.3595384978534,219.18199723929632
2024-01-29,0,0,History,0.6907963853643744,238.65027494185387,164.85874729604677
2024-01-30,1,0,History,0.6577222935400139,213.35808524979933,140.3303691758038
2024-01-31,2,0,History,0.6487532358545443,224.39492722055243,145.57693514367836
2024-02-01,3,0,History,0.6809315970191226,229.10471732438515,156.00464105230824
2024-02-02,4,0,History,0.6463236031637654,210.53275527784882,136.0722889751745
2024-02-03,5,1,History,0.9263194983366555,235.16116904064913,217.83437613399553
2024-02-04,6,1,History,0.8832575202170609,249.7796439071796,220.61974887815597
2024-02-05,0,0,History,0.6776203216589511,212.44646279346455,143.95804045341384
2024-02-06,1,0,History,0.7116285177249075,212.2193526457367,151.02134335582505
2024-02-07,2,0,History,0.6618333537069291,209.34374035270193,138.5506697551813
2024-02-08,3,0,History,0.6937715998926758,214.02102660501345,148.4817100384331
2024-02-09,4,0,History,0.7022819748145898,228.79436852771576,160.67816095610124
2024-02-10,5,1,History,0.9699211787463139,252.14254460739326,244.5583940776979
2024-02-11,6,1,History,0.9425662006710809,251.413202514687,236.97358709281755
2024-02-12,0,0,History,0.7554598599183321,229.75978410281405,173.57429431317811
2024-02-13,1,0,History,0.598011972010954,203.86279557862903,121.91239240364195
2024-02-14,2,0,History,0.8518063914161357,242.1516677006963,206.26633823952932
2024-02-15,3,0,History,0.6631918051403903,228.14371878009206,151.30304468921082
2024-02-16,4,0,History,0.8787161069120908,243.71664285240217,214.15773959694727
2024-02-17,5,1,History,1.0,254.4965590662585,254.4965590662585
2024-02-18,6,1,History,0.9942592211299484,241.75537704728808,240.36751288701365
2024-02-19,0,0,History,0.7275743289015307,224.87560367989784,163.61371643372826
2024-02-20,1,0,History,0.6828765471653362,210.08524142204658,143.46228427268323
2024-02-21,2,0,History,0.770698744931132,226.82959591230718,174.81728488285097
2024-02-22,3,0,History,0.7104438045334205,204.6417140610889,145.38643790380036
2024-02-23,4,0,History,0.7475649601290517,208.43091198298424,155.8156464062215
2024-02-24,5,1,History,0.9258728685913024,240.67680995965995,222.8361284407541
2024-02-25,6,1,History,0.9716771012167831,241.68331340340842,234.83814138029118
2024-02-26,0,0,History,0.8248459573139764,233.55246766613936,192.64480877511824
2024-02-27,1,0,History,0.7742410373008782,226.07641793893666,175.0376403343092
2024-02-28,2,0,History,0.7428536015016818,224.5872680222697,166.83546090176654
2024-02-29,3,0,History,0.7063685523608806,226.72292965965545,160.14994761070858
2024-03-01,4,0,History,0.73349338000319,218.71664844371068,160.4272137299468
2024-03-02,5,1,History,0.9912620552802555,246.9317674115769,244.77409127838573
2024-03-03,6,1,History,1.0,264.5502122276316,264.5502122276316
2024-03-04,0,0,History,0.679964176560049,218.02725892425516,148.25072558207577
2024-03-05,1,0,History,0.7683650284949547,225.04439810324158,172.91624536122714
2024-03-06,2,0,History,0.6815724170056627,218.98236869379815,149.25234231225718
2024-03-07,3,0,History,0.8186754908418936,230.25390535409406,188.50322898402587
2024-03-08,4,0,History,0.6995642770366512,212.86070477413287,148.90974504482833
2024-03-09,5,1,History,1.0,240.0197016282028,240.0197016282028
2024-03-10,6,1,History,1.0,242.36568659849996,242.36568659849996
2024-03-11,0,0,History,0.7283594065180617,231.56513251951404,168.66264249218958
2024-03-12,1,0,History,0.7588694590690643,219.5878933597223,166.63854585200784
2024-03-13,2,0,History,0.8144175549037757,229.89250947201478,187.22849545489137
2024-03-14,3,0,History,0.7716553733834491,234.17290018967387,180.70077673214794
2024-03-15,4,0,History,0.7619469990645628,223.4107881983465,170.22717962637876
2024-03-16,5,1,History,0.9106217209072051,247.39578523915702,225.2839756996705
2024-03-17,6,1,History,1.0,234.59206957569134,234.59206957569134
2024-03-18,0,0,History,0.7984610746583637,228.52094067041742,182.46507586964165
2024-03-19,1,0,History,0.7751747664929176,228.30643761527688,176.97738946725212
2024-03-20,2,0,History,0.7832692842299951,228.5583156539812,179.02270830710714
2024-03-21,3,0,History,0.7794409191235587,211.41490493396702,164.78542781815105
2024-03-22,4,0,History,0.9625902427778666,258.29015074209474,248.62757890996474
2024-03-23,5,1,History,0.9854198780153468,239.9952583518205,236.4960982093126
2024-03-24,6,1,History,1.0,253.35037125262468,253.35037125262468
2024-03-25,0,0,History,0.6976989693776385,219.84953976423716,153.38879731165642
2024-03-26,1,0,History,0.685486720250258,228.5857672631326,156.69250789709358
2024-03-27,2,0,History,0.6674117101868204,238.6160593124241,159.25515222374477
2024-03-28,3,0,History,0.7055071382233422,207.64706897690587,146.49648939436182
2024-03-29,4,0,History,0.8275155924604346,226.26242043331848,187.2356808964095
2024-03-30,5,1,History,0.9223289219061818,244.1238171290087,225.16245706422046
2024-03-31,6,1,History,0.9848218116815687,237.42864799262895,233.8249112612063
2024-04-01,0,0,History,0.6853302326159028,226.35484934114788,155.1278215527065
2024-04-02,1,0,History,0.7198832439529355,230.42205061686414,165.87697327635564
2024-04-03,2,0,History,0.7583166469553559,231.42615545548597,175.49430622277308
2024-04-04,3,0,History,0.7146817804695584,223.83399555571782,159.97007847337565
2024-04-05,4,0,History,0.8039820785139487,244.09529563109265,196.24824313696263
2024-04-06,5,1,History,1.0,238.4437451833114,238.4437451833114
2024-04-07,6,1,History,0.8865337409873152,239.30605605215706,212.15289311283894
2024-04-08,0,0,History,0.7145174930814621,214.06372062084398,152.95227301769592
2024-04-09,1,0,History,0.9012587446484722,249.0250377904989,224.4359929451034
2024-04-10,2,0,History,0.8041980737953436,212.08639573447002,170.55947092785777
2024-04-11,3,0,History,0.7247267690393342,222.19183824800362,161.02837304038601
2024-04-12,4,0,History,0.745945283984533,227.94691526915278,170.03592644384645
2024-04-13,5,1,History,0.9385643713422578,234.38151578448804,219.98214001651348
2024-04-14,6,1,History,1.0,243.73809967778433,243.73809967778433
2024-04-15,0,0,History,0.8174599019327563,231.8997800069967,189.5687714227473
2024-04-16,1,0,History,0.8033170885899754,239.88267265341233,192.7018501991213
2024-04-17,2,0,History,0.8602386229691728,225.69517001104674,194.15170226109618
2024-04-18,3,0,History,0.7793097194636538,219.34647254261853,170.9388379825301
2024-04-19,4,0,History,0.7762528907776635,238.8811667881698,185.43219627165797
2024-04-20,5,1,History,1.0,247.27024600080165,247.27024600080165
2024-04-21,6,1,History,0.9778979175442665,240.01440135597684,234.70958326664353
2024-04-22,0,0,History,0.7592128161407403,233.2081295862432,177.05460081008638
2024-04-23,1,0,History,0.8791987739397403,233.03790742165157,204.88664248659876
2024-04-24,2,0,History,0.765291207730933,236.80333612648104,181.22351109894873
2024-04-25,3,0,History,0.7349063681686966,216.85343304707254,159.3669689055377
2024-04-26,4,0,History,0.6879859611936159,217.20265050111163,149.4323742788083
2024-04-27,5,1,History,0.9408472627971485,253.53444293360218,238.53718665887945
2024-04-28,6,1,History,0.9339949796297988,241.13688925124234,225.22064396420714
2024-04-29,0,0,History,0.7805468671927458,235.61521994006102,183.9087217871444
2024-04-30,1,0,History,0.6998836171834434,219.33288565053428,153.5074933763785
2024-05-01,2,0,History,0.6338661611532437,233.20353417932466,147.8198289776178
2024-05-02,3,0,History,0.7479902587549142,240.4868119165199,179.88179267258212
2024-05-03,4,0,History,0.9525132367324386,231.97036104890637,220.9548394286862
2024-05-04,5,1,History,1.0,255.2224368124801,255.2224368124801
2024-05-05,6,1,History,0.9437869515475008,236.21465529373964,222.93630943052227
2024-05-06,0,0,History,0.6431401219371329,216.22908158164057,139.06559789477058
2024-05-07,1,0,History,0.7142585867802661,222.1095649711292,158.64366398665845
2024-05-08,2,0,History,0.7114662356625568,210.59275339533082,149.82963351598914
2024-05-09,3,0,History,0.6693874977461188,227.52359520991513,152.30145007576593
2024-05-10,4,0,History,0.7437844713171831,226.41147656740904,168.4013403988331
2024-05-11,5,1,History,1.0,247.15316964327417,247.15316964327417
2024-05-12,6,1,History,0.9740141600027155,243.0203177578356,236.70523066449124
2024-05-13,0,0,History,0.8692071119772317,238.31848089538553,207.1481185098791
2024-05-14,1,0,History,0.812572230671282,235.33647324227107,191.22788302078467
2024-05-15,2,0,History,0.7775222722044128,226.50246935685863,176.11071463425512
2024-05-16,3,0,History,0.7020803331755758,191.8828376097955,134.71716655976013
2024-05-17,4,0,History,0.6750440212733381,217.67330928975863,146.93906602683373
2024-05-18,5,1,History,0.9553004311041332,231.11522249431553,220.78447168354728
2024-05-19,6,1,History,0.9738076462943605,245.28623897294528,238.86161504263987
2024-05-20,0,0,History,0.7052342240136079,206.47777983066436,145.61519683493117
2024-05-21,1,0,History,0.7566158767690141,211.49661132610674,160.02169401217765
2024-05-22,2,0,History,0.7135129998167182,233.70251820115712,166.74978482642882
2024-05-23,3,0,History,0.6780955994503723,214.6086401355933,145.52517447997437
2024-05-24,4,0,History,0.7103032203000829,217.0637004317891,154.1810454269523
2024-05-25,5,1,History,0.9631496429001689,251.1402047783028,241.88559855009763
2024-05-26,6,1,History,0.8712470442224566,233.41879919152115,203.36543886156792
2024-05-27,0,0,History,0.7414093757747121,245.17899849874533,181.77800823002386
2024-05-28,1,0,History,0.6667408648130296,213.94388887404278,142.645133489342
2024-05-29,2,0,History,0.6658433460490185,220.23558872473197,146.64240131555104
2024-05-30,3,0,History,0.7149781580061753,231.20722911438614,165.30811878991554
2024-05-31,4,0,History,0.7125445332298453,237.27698557905364,169.0704189356115
2024-06-01,5,1,History,0.8878993221229992,231.3698708557235,205.43315149248275
2024-06-02,6,1,History,1.0,245.82036496161356,245.82036496161356
2024-06-03,0,0,History,0.6403635964517926,226.7822783981144,145.22311540654823
2024-06-04,1,0,History,0.757056469987507,233.8062700392776,177.0045494568813
2024-06-05,2,0,History,0.6223403519321449,222.98579454989905,138.77305785605313
2024-06-06,3,0,History,0.823377266907638,218.65068125516714,180.03200033937264
2024-06-07,4,0,History,0.6199376596530896,227.47376350454914,141.01955257949058
2024-06-08,5,1,History,1.0,242.38592456715196,242.38592456715196
2024-06-09,6,1,History,0.8423660124051093,236.1595310219299,198.9327624384038
2024-06-10,0,0,History,0.6780599842632555,216.32376965040788,146.6804918449237
2024-06-11,1,0,History,0.6126657516097896,202.48174679549825,124.05363158772705
2024-06-12,2,0,History,0.6292606740679747,198.80070977258745,125.09746863669018
2024-06-13,3,0,History,0.6671838145782825,199.27990029149925,132.95632404526225
2024-06-14,4,0,History,0.7032638231611895,221.5165663766587,155.7845873635884
2024-06-15,5,1,History,1.0,234.74680909766545,234.74680909766545
2024-06-16,6,1,History,1.0,238.66184404913116,238.66184404913116
2024-06-17,0,0,History,0.6479334117528149,212.61298239329932,137.7590550650316
2024-06-18,1,0,History,0.7050028174851455,194.11219674591558,136.84964561410138
2024-06-19,2,0,History,0.5452353865309394,212.31333577353394,115.7607436961559
2024-06-20,3,0,History,0.6426841625615767,190.16953458508956,122.21894807954308
2024-06-21,4,0,History,0.6243168620697683,211.65796229364912,132.14163485125238
2024-06-22,5,1,History,0.8925969702569706,239.40988929163996,213.69654183127457
2024-06-23,6,1,History,0.8306970253515634,238.45031973697445,198.07997129963388
2024-06-24,0,0,History,0.6949679096575823,219.0799829418593,152.25355779292275
2024-06-25,1,0,History,0.5185251912136286,222.03159875969524,115.12897720233865
2024-06-26,2,0,History,0.6604271695581246,218.20588577149746,144.10909552099352
2024-06-27,3,0,History,0.6642344484290367,226.9595688353403,150.75436402103423
2024-06-28,4,0,History,0.6215876024004788,204.924132151345,127.37829997795342
2024-06-29,5,1,History,0.8271653485496651,233.9241029168612,193.49391212339322
2024-06-30,6,1,History,0.770138754860016,242.48957643629086,186.75062046317774
2024-07-01,0,0,History,0.6268762235919481,210.3106711122984,131.83875928796581
2024-07-02,1,0,History,0.5410882698240959,206.0311746243619,111.48105180732215
2024-07-03,2,0,History,0.5579817338112936,215.6067078725041,120.30460468004492
2024-07-04,3,0,History,0.5616398044169951,198.74168523978318,111.62124122757584
2024-07-05,4,0,History,0.5785152668301321,186.2359233498213,107.7403248900779
2024-07-06,5,1,History,0.7978674651669877,232.34248305382246,185.37850800475712
2024-07-07,6,1,History,0.8349240874813609,243.3791004417161,203.2030733483343
2024-07-08,0,0,History,0.5495968583567933,191.4452281867596,105.21769595884248
2024-07-09,1,0,History,0.61319877370398,218.02207634317136,133.6908698540282
2024-07-10,2,0,History,0.6271320937586251,219.4828732492579,137.64475384496603
2024-07-11,3,0,History,0.5784621459425876,185.1112520031057,107.07985207183565
2024-07-12,4,0,History,0.5936303833000186,200.00015200593415,118.72616689534468
2024-07-13,5,1,History,0.9238646601653251,238.42817820921587,220.27536783509478
2024-07-14,6,1,History,0.7568239866223424,223.88615865988186,169.44241514653405
2024-07-15,0,0,History,0.5012732678638544,192.6959841387056,96.59334567345041
2024-07-16,1,0,History,0.5952000711296427,201.54997907714244,119.96256188289317
2024-07-17,2,0,History,0.6552925405958558,232.2440829714065,152.1878151686877
2024-07-18,3,0,History,0.5424681490120403,203.17122358261494,110.21391758937253
2024-07-19,4,0,History,0.639375635970564,206.987126995559,132.34252596050544
2024-07-20,5,1,History,0.805410413605995,230.129346591474,185.34857222111643
2024-07-21,6,1,History,0.7641137889974359,231.782287230355,177.10804171807854
2024-07-22,0,0,History,0.49620832095864964,200.13709586297705,99.30969229970815
2024-07-23,1,0,History,0.5748144844637446,205.42417253809472,118.08078983387624
2024-07-24,2,0,History,0.49521350511239515,193.02118382453497,95.5866970026919
2024-07-25,3,0,History,0.5426604483160082,197.64473637692484,107.2539812496013
2024-07-26,4,0,History,0.6154232002737716,205.56423616252357,126.50900008097364
2024-07-27,5,1,History,0.7685831627038572,230.24646227849308,176.96355417937858
2024-07-28,6,1,History,0.8473144697059262,224.78964604657475,190.4675197353363
2024-07-29,0,0,History,0.4685988993626,200.79258217096222,94.09118300548732
2024-07-30,1,0,History,0.5003636388678564,214.16631144305393,107.16103491655309
2024-07-31,2,0,History,0.4544565266723878,198.7027262453708,90.30175080980553
2024-08-01,3,0,History,0.52624047914629,198.92819262545763,104.6840674029263
2024-08-02,4,0,History,0.5593944017615392,192.95817132560762,107.93972081368887
2024-08-03,5,1,History,0.7719732885992117,242.97839693903632,187.57283214359248
2024-08-04,6,1,History,0.9774141136369812,236.041234857709,230.71003435022612
2024-08-05,0,0,History,0.4764751977828948,206.13314012304696,98.21732870973797
2024-08-06,1,0,History,0.5230993498405823,208.69511359000307,109.16827823383707
2024-08-07,2,0,History,0.48338292433556873,195.9706064039163,94.7288448073398
2024-08-08,3,0,History,0.5257911392766836,199.9493258898616,105.13158385723523
2024-08-09,4,0,History,0.5308723801212462,184.7301252717144,98.06812128309099
2024-08-10,5,1,History,0.7828115910137187,231.5818091094981,181.2849244388415
2024-08-11,6,1,History,0.6981968295068571,226.01894627464375,157.80571169743695
2024-08-12,0,0,History,0.45530311527864153,184.63951036638613,84.06694427333863
2024-08-13,1,0,History,0.46266960316888817,194.70874557359778,90.0858180480485
2024-08-14,2,0,History,0.48406377857362354,198.78499700745184,96.22461677517359
2024-08-15,3,0,History,0.4985217786942449,205.6979041489202,102.544885049998
2024-08-16,4,0,History,0.5277529190414396,202.81332266537584,107.03532305714546
2024-08-17,5,1,History,0.6981614319200652,203.55294965239068,142.11281880086602
2024-08-18,6,1,History,0.6587657334876231,210.5771956541374,138.72104075086455
2024-08-19,0,0,History,0.5948871340305382,211.73497125694402,125.9584102250818
2024-08-20,1,0,History,0.4288440570487971,201.29968912527733,86.32617536714555
2024-08-21,2,0,History,0.5255835799447215,196.38199190052967,103.21515033975568
2024-08-22,3,0,History,0.4837158656006265,220.24808530556285,106.53749323046097
2024-08-23,4,0,History,0.49313785247292674,180.36905455892304,88.94680821775947
2024-08-24,5,1,History,0.7289504827600631,217.25804652542732,158.3703578982185
2024-08-25,6,1,History,0.7082771981857563,219.9973837836479,155.81913059447868
2024-08-26,0,0,History,0.49924548433758653,197.91705679823,98.80919687990196
2024-08-27,1,0,History,0.45268181777433975,182.94675847928565,82.81667118432613
2024-08-28,2,0,History,0.5315277787588799,207.6313953534059,110.36185437280267
2024-08-29,3,0,History,0.5002737248503337,203.73831299817257,101.92492473831896
2024-08-30,4,0,History,0.5005083864565879,200.53045310547427,100.3671735192294
2024-08-31,5,1,History,0.6938878991907722,222.70722855166238,154.5338509543122
2024-09-01,6,1,History,0.7061804325495199,216.38027914047169,152.80351911860416
2024-09-02,0,0,History,0.40739576117347276,174.56594661626158,71.1174266966997
2024-09-03,1,0,History,0.4479733035534855,187.6309316548261,84.05364830223071
2024-09-04,2,0,History,0.4126678338334825,192.83732919744264,79.57776292214282
2024-09-05,3,0,History,0.5290627312653033,204.53371727499427,108.21116709735382
2024-09-06,4,0,History,0.46488924687079125,196.9027152129376,91.53795498215645
2024-09-07,5,1,History,0.7198812534230574,227.47520802215607,163.75513787366043
2024-09-08,6,1,History,0.699134083976802,214.10194794318002,149.6859692529041
2024-09-09,0,0,History,0.46934674415825567,197.20148498693092,92.55587492178917
2024-09-10,1,0,History,0.5818297102843211,213.90389881248134,124.45564347475275
2024-09-11,2,0,History,0.4427387487785497,193.42497669283142,85.63673216350432
2024-09-12,3,0,History,0.4244271987699335,180.00948059293236,76.400919600089
2024-09-13,4,0,History,0.48267698409717763,188.65281471316237,91.05837164719287
2024-09-14,5,1,History,0.5791934860352532,216.22787184631898,125.23777487265347
2024-09-15,6,1,History,0.708007171891937,234.7254388186194,166.1872941090646
2024-09-16,0,0,History,0.43559662534099575,205.31249361234006,89.43342935788007
2024-09-17,1,0,History,0.40398275410334,192.71983490775435,77.85548967637561
2024-09-18,2,0,History,0.4784458297687515,185.81325695670824,88.90157790668651
2024-09-19,3,0,History,0.4552604381252923,195.46252824480052,88.98635624580521
2024-09-20,4,0,History,0.36198733213071455,201.82128453257567,73.05674835514091
2024-09-21,5,1,History,0.6693718854055271,223.12207234511746,149.3516422412397
2024-09-22,6,1,History,0.5569193301413455,203.6171577872958,113.39833112018545
2024-09-23,0,0,History,0.465674938316563,202.85374616006845,94.4639057303736
2024-09-24,1,0,History,0.4648991742569032,183.79596535953428,85.44659252739787
2024-09-25,2,0,History,0.4108370700451908,184.12699322603706,75.64619441321577
2024-09-26,3,0,History,0.4773180614543475,186.8898922352115,89.20592106712307
2024-09-27,4,0,History,0.38604311160616883,193.3000293441012,74.62214480156057
2024-09-28,5,1,History,0.6517422066001468,222.3152556572156,144.89223528290947
2024-09-29,6,1,History,0.7208720244209175,220.5489421701081,158.98756242605768
2024-09-30,0,0,History,0.41556805129142427,182.82750836174677,75.97727137235768
2024-10-01,1,0,History,0.4469018768928941,194.49269675394314,86.91915122129768
2024-10-02,2,0,History,0.4219300469427303,187.32720578753498,79.03897673158512
2024-10-03,3,0,History,0.4296881290117061,185.00710585423317,79.49535716837612
2024-10-04,4,0,History,0.43204004323602696,196.59394117669515,84.93645484592031
2024-10-05,5,1,History,0.6652743127170142,208.94750904651465,139.00741047485215
2024-10-06,6,1,History,0.7159897996839134,205.93548263875041,147.44770496232894
2024-10-07,0,0,History,0.4197702442496127,178.5358797213294,74.9440498379419
2024-10-08,1,0,History,0.4522944614266771,179.1968414745082,81.04973890407433
2024-10-09,2,0,History,0.41546099957218185,194.02121912298023,80.60824963504669
2024-10-10,3,0,History,0.3756139961679632,189.06545399855798,71.01563071370859
2024-10-11,4,0,History,0.4984257919222169,200.84778013730332,100.10771387075472
2024-10-12,5,1,History,0.7282990980289219,228.70722632769161,166.5672666471543
2024-10-13,6,1,History,0.8183190351640205,243.75149207757323,199.4664858167101
2024-10-14,0,0,History,0.40229176972236097,184.30651166398496,74.14499274865948
2024-10-15,1,0,History,0.44469098498517023,198.53387327090118,88.28622365775801
2024-10-16,2,0,History,0.4494051583763645,179.14436076357768,80.5083998211882
2024-10-17,3,0,History,0.5060332479253207,214.3904222551656,108.48868169786239
2024-10-18,4,0,History,0.4319861278490965,180.75030040272807,78.08162237853549
2024-10-19,5,1,History,0.6496084491771359,207.8600337273092,135.0276341555045
2024-10-20,6,1,History,0.7694120567317658,220.96411053584563,170.01245075129023
2024-10-21,0,0,History,0.44409191421349975,179.14648145412787,79.55750387357688
2024-10-22,1,0,History,0.5048009229494227,200.8058480690279,101.36697743888682
2024-10-23,2,0,History,0.6499642268821153,217.13546137022632,141.13028227819058
2024-10-24,3,0,History,0.46138627807708493,194.24449109789302,89.62174278463432
2024-10-25,4,0,History,0.4552322428278672,180.12074796247595,81.99677207479091
2024-10-26,5,1,History,0.6954771292356733,239.38157527208443,166.48441076214252
2024-10-27,6,1,History,0.7154431415925682,227.03662212427332,162.43179418915489
2024-10-28,0,0,History,0.510544884817027,227.39670891820228,116.0962265624146
2024-10-29,1,0,History,0.4287942351753845,184.82833111867552,79.25332288077519
2024-10-30,2,0,History,0.4753238283010164,207.1112051118714,98.44489089781176
2024-10-31,3,0,History,0.41525383484868916,199.31812235881054,82.76761466433634
2024-11-01,4,0,History,0.4228221246187612,189.3764614309025,80.07255777499708
2024-11-02,5,1,History,0.722360289297047,236.34653794029694,170.7273535209084
2024-11-03,6,1,History,0.6273165056304373,208.67755048690594,130.906871774965
2024-11-04,0,0,History,0.5798064478354404,204.37173058929798,118.49604715096248
2024-11-05,1,0,History,0.41861614340338404,157.14731542095458,65.78440312771515
2024-11-06,2,0,History,0.6277914111409708,216.86942165152345,136.14876025193612
2024-11-07,3,0,History,0.5397690375773266,190.7218046409086,102.94572493603414
2024-11-08,4,0,History,0.4398103554018587,188.47382358323077,82.89273933408793
2024-11-09,5,1,History,0.7694529264901735,216.68309626156707,166.72744253941477
2024-11-10,6,1,History,0.7140068407219821,217.7383686790156,155.46668472446208
2024-11-11,0,0,History,0.4442131678417108,198.86011908634543,88.33628345672535
2024-11-12,1,0,History,0.37586877112580197,187.69829274306778,70.54992663574792
2024-11-13,2,0,History,0.5056978888842231,207.66620179348035,105.01635983956807
2024-11-14,3,0,History,0.5036061997693814,213.01691533279447,107.2766392173447
2024-11-15,4,0,History,0.5521975736691705,201.5317980001387,111.28536987286199
2024-11-16,5,1,History,0.6909009666404305,214.30442424388193,148.06313386541893
2024-11-17,6,1,History,0.6688766328527075,226.46493982189085,151.4771064072574
2024-11-18,0,0,History,0.480418653111329,208.41233819853218,100.1251748091216
2024-11-19,1,0,History,0.4982884328942979,207.23475197046025,103.26267980059916
2024-11-20,2,0,History,0.5507526350157982,195.55347543418634,107.70159188187529
2024-11-21,3,0,History,0.5772213879841277,211.9486894534288,122.34131670772503
2024-11-22,4,0,History,0.5694524261780983,208.03994865828273,118.46885350542611
2024-11-23,5,1,History,0.7746181803005187,237.9871074435485,184.34914010290555
2024-11-24,6,1,History,0.8028549216571372,224.55677127033624,180.28650900582548
2024-11-25,0,0,History,0.482970064817873,181.63090357028813,87.7222892702709
2024-11-26,1,0,History,0.5255544626486193,209.45781426866466,110.08148902552236
2024-11-27,2,0,History,0.4597347173048648,170.38978789791548,78.33410097088405
2024-11-28,3,0,History,0.5246219287395111,195.1470588349878,102.37842639385414
2024-11-29,4,0,History,0.5281316932920849,192.58121421602553,101.70824276015529
2024-11-30,5,1,History,0.8620400977602518,225.90466306696771,194.7388778347456
2024-12-01,6,1,History,0.7667407809081195,219.183763381261,168.05712989732854
2024-12-02,0,0,History,0.5349696012472366,215.67069582223996,115.37726614473776
2024-12-03,1,0,History,0.5446136695245405,212.6669211425178,115.8213123099127
2024-12-04,2,0,History,0.5123426453230125,198.71695771237623,101.81117178490005
2024-12-05,3,0,History,0.49729632294757004,211.0658670133475,104.96227956547854
2024-12-06,4,0,History,0.7547173678614565,214.8487652344819,162.15009458605218
2024-12-07,5,1,History,0.7431046169154439,212.3276278340728,157.78164054220363
2024-12-08,6,1,History,0.7281454149820353,231.45050809066944,168.52962626148343
2024-12-09,0,0,History,0.5809618506383182,213.8926173570583,124.26345081763024
2024-12-10,1,0,History,0.6072623071620834,206.12359670037512,125.1710908928166
2024-12-11,2,0,History,0.5292390678661133,191.56929784963003,101.38595662570403
2024-12-12,3,0,History,0.5324591419190626,217.84323294228565,115.9926208853239
2024-12-13,4,0,History,0.5708548113732481,189.88445562784665,108.3964551001463
2024-12-14,5,1,History,0.773813642532725,221.3971048998369,171.3201001887426
2024-12-15,6,1,History,0.7726113797019734,229.5469032453763,177.35054962272557
2024-12-16,0,0,History,0.6081787144984258,228.83951953415703,139.175324816721
2024-12-17,1,0,History,0.5970683280885558,213.53783492958777,127.49667808505899
2024-12-18,2,0,History,0.7847922693356123,233.2822734636942,183.07812478734346
2024-12-19,3,0,History,0.5091365429052387,195.2198172890426,99.39354288113549
2024-12-20,4,0,History,0.5491829040272475,210.60309265547073,115.65961802165089
2024-12-21,5,1,History,0.8409126550138305,235.14435871017392,197.7358669944969
2024-12-22,6,1,History,0.7831271416942919,212.42806876525358,166.35818630777152
2024-12-23,0,0,History,0.6140531651228296,219.33466504721403,134.68314529339744
2024-12-24,1,0,History,0.6457660997442012,224.28054387288864,144.8327720653035
2024-12-25,2,0,History,0.5579373815780156,213.8273886460132,119.30229333082131
2024-12-26,3,0,History,0.5916092329910035,209.49420255575836,123.93870449007414
2024-12-27,4,0,History,0.6650379844205677,206.94202961056033,137.6243102641085
2024-12-28,5,1,History,0.9348003370075381,220.38819638790517,206.01896025589724
2024-12-29,6,1,History,0.8847080591296448,240.04134196697896,212.36650976248131
2024-12-30,0,0,History,0.6296714586596805,223.78656646337654,140.91201373343586
2024-12-31,1,0,History,0.5598951766891295,215.94484235974377,120.90647566811495
2025-01-01,2,0,History,0.6205424734462672,220.21497577856522,136.6527457595407
2025-01-02,3,0,History,0.6330042837821618,212.55831859272226,134.5503262227267
2025-01-03,4,0,History,0.5972244421554357,220.59708595585852,131.7459716011023
2025-01-04,5,1,History,0.8305815512925648,242.2997733678155,201.2497216416771
2025-01-05,6,1,History,0.7988298361367742,225.65664800646184,180.26126315017564
2025-01-06,0,0,History,0.5285787668645506,209.62385685261353,110.80271976054554
2025-01-07,1,0,History,0.5206370310688447,196.70411165279157,102.41144468994395
2025-01-08,2,0,History,0.6495639444603528,220.35663676220452,143.13572616327477
2025-01-09,3,0,History,0.630531289360981,200.06196249308744,126.14532716285464
2025-01-10,4,0,History,0.6015034150501668,197.92822341828747,119.05450232091232
2025-01-11,5,1,History,0.8616611915902547,246.74818962846456,212.6133390980009
2025-01-12,6,1,History,0.8912892020568172,248.50452142772934,221.4893966108321
2025-01-13,0,0,History,0.6250600734001951,218.8421227457778,136.78947330653037
2025-01-14,1,0,History,0.5687732559007012,207.75701380059843,118.16663317557327
2025-01-15,2,0,History,0.683953005281143,194.48255621787283,133.01692879997296
2025-01-16,3,0,History,0.6560000321636063,214.85124383429573,140.9424228656888
2025-01-17,4,0,History,0.6565672889227837,220.19856056417674,144.5751719343209
2025-01-18,5,1,History,0.937616318866362,238.41429941104028,223.54113777888224
2025-01-19,6,1,History,0.8575081814508709,228.62587621700473,196.04855934745564
2025-01-20,0,0,History,0.711315006825409,235.5757045640778,167.56853389989755
2025-01-21,1,0,History,0.6460492757293439,214.00203765901827,138.25586143421253
2025-01-22,2,0,History,0.6998886254501447,224.53681424143826,157.1507622823947
2025-01-23,3,0,History,0.6945719626109237,227.198510877286,157.80571560231584
2025-01-24,4,0,History,0.6082831069807682,200.81393993302603,122.15172730751043
2025-01-25,5,1,History,0.9377240606375542,245.70448029089735,230.40300297522018
2025-01-26,6,1,History,0.9312300724248989,256.3194521872629,238.69238202425527
2025-01-27,0,0,History,0.6687499841357787,235.0672302465751,157.20120649823852
2025-01-28,1,0,History,0.6648139531336585,216.88075928551277,144.18535493923116
2025-01-29,2,0,History,0.6675154135314786,214.3721058796771,143.09668490588658
2025-01-30,3,0,History,0.7147008038061963,224.16032106199495,160.20756164446283
2025-01-31,4,0,History,0.7051961672673912,222.95598719701434,157.22770764065206
2025-02-01,5,1,History,0.9300362836181157,256.87120902312313,238.89954460835764
2025-02-02,6,1,History,0.8561039684071762,225.64647994904695,193.1768469414894
2025-02-03,0,0,History,0.7075874676793239,217.9600159062722,154.2257757104643
2025-02-04,1,0,History,0.7211859444025566,210.94718117149057,152.1321420722186
2025-02-05,2,0,History,0.8021405452904187,220.0931056710661,176.5456037976507
2025-02-06,3,0,History,0.7429806561993664,228.06380577132788,169.44699606730603
2025-02-07,4,0,History,0.5963127111214954,217.7298495285198,129.8350768644269
2025-02-08,5,1,History,0.9472284822170622,238.22893128426875,225.65722900059072
2025-02-09,6,1,History,1.0,257.7209478897529,257.7209478897529
2025-02-10,0,0,History,0.728471877000329,233.9629742713526,170.43544701603193
2025-02-11,1,0,History,0.7156778007550021,240.9148400598341,172.41740290326513
2025-02-12,2,0,History,0.7461779757707037,225.31526606548084,168.125289142978
2025-02-13,3,0,History,0.6719390053340099,210.79625525895966,141.6422260868394
2025-02-14,4,0,History,0.7288232488891198,212.85760557285303,155.13557164436554
2025-02-15,5,1,History,0.9442250913926706,233.4045771600681,220.38645820043294
2025-02-16,6,1,History,0.9575654314538632,258.2543501594224,247.29543823524438
2025-02-17,0,0,History,0.7517352792293531,210.0225744933788,157.88137868124775
2025-02-18,1,0,History,0.6657101580298741,228.7485006594994,152.2802005231321
2025-02-19,2,0,History,0.7781449949618813,219.13008920366667,170.5149821593838
2025-02-20,3,0,History,0.6942716259783135,212.57510061923728,147.58486074942147
2025-02-21,4,0,History,0.7300775193181367,221.49219738171388,161.70647401276477
2025-02-22,5,1,History,0.8986164504997693,232.8250995543118,209.2204645487511
2025-02-23,6,1,History,1.0,259.31979754959576,259.31979754959576
2025-02-24,0,0,History,0.794056055648433,247.53904508467107,196.55987775891353
2025-02-25,1,0,History,0.6974894055344547,213.1746189779141,148.68703826593918
2025-02-26,2,0,History,0.6691644246293912,212.59406407129285,142.2603845638906
2025-02-27,3,0,History,0.7399919140823071,222.36598333539175,164.54902963515096
2025-02-28,4,0,History,0.8002130959787163,235.43187723279797,188.39567137253832
2025-03-01,5,1,History,0.906321765467325,239.09733375717394,216.69911764933212
2025-03-02,6,1,History,0.9248030441480225,256.3528785253282,237.07592243633175
2025-03-03,0,0,History,0.7086742778560606,232.33366695122535,164.64889364831012
2025-03-04,1,0,History,0.6915929352649697,207.304669990546,143.37044521289758
2025-03-05,2,0,History,0.6929379286384825,224.50347451959652,155.56697260575154
2025-03-06,3,0,History,0.6302385990646475,228.22725227955976,143.83762374504363
2025-03-07,4,0,History,0.7655049192906888,221.60268247140004,169.63794355986923
2025-03-08,5,1,History,1.0,247.05735128206445,247.05735128206445
2025-03-09,6,1,History,0.903203233167313,235.03995333820174,212.2888457785582
2025-03-10,0,0,History,0.8119910405346918,226.12834789823413,183.61419250427792
2025-03-11,1,0,History,0.8241302000699632,215.72850448788583,177.7883755643953
2025-03-12,2,0,History,0.7034331312022786,207.06016360557734,145.65297923232737
2025-03-13,3,0,History,0.8001668876629217,230.79142595366446,184.67165700463133
2025-03-14,4,0,History,0.7140085871947257,236.53683846600038,168.88933385261598
2025-03-15,5,1,History,1.0,243.86639187481717,243.86639187481717
2025-03-16,6,1,History,0.9523813608297996,238.81056305349438,227.43872902141766
2025-03-17,0,0,History,0.855573566821342,252.57256738634152,216.09441235995598
2025-03-18,1,0,History,0.7307087269112311,211.98829807296323,154.90169940497356
2025-03-19,2,0,History,0.7524375194170362,208.63132031463942,156.9820331302484
2025-03-20,3,0,History,0.7122803818526572,212.94288382389072,151.6750386028869
2025-03-21,4,0,History,0.9902617504025611,242.39833025231246,240.03779481031302
2025-03-22,5,1,History,1.0,232.52546915304936,232.52546915304936
2025-03-23,6,1,History,1.0,248.71958293725388,248.71958293725388
2025-03-24,0,0,History,0.7963118916804841,239.11565266666378,190.41063770540464
2025-03-25,1,0,History,0.7175938540659872,208.89983766945045,149.90523962698003
2025-03-26,2,0,History,0.7905251908322137,229.92830127275727,181.76411424137316
2025-03-27,3,0,History,0.7490357094758401,228.86292770385174,171.42650542537248
2025-03-28,4,0,History,0.8152191770533549,230.68807495259256,188.06134261887516
2025-03-29,5,1,History,1.0,251.8569258974106,251.8569258974106
2025-03-30,6,1,History,0.9674242227821563,248.71569490416775,240.6135878363884
2025-03-31,0,0,History,0.7973565654388445,221.60837697470012,176.70089433702358
2025-04-01,1,0,History,0.7841003334626249,243.39585906638115,190.8467742573715
2025-04-02,2,0,History,0.6113093556525383,223.60850390601598,136.69397044121473
2025-04-03,3,0,History,0.7899787740845766,240.89699138086934,190.30350993172198
2025-04-04,4,0,History,0.7282421679057447,232.9609741960131,169.65200488593882
2025-04-05,5,1,History,0.9553854514132252,229.78875044699228,219.53682907548068
2025-04-06,6,1,History,0.9573358050484384,254.9942042829635,244.11508183991683
2025-04-07,0,0,History,0.7425036518835031,230.8063794638454,171.37457962991476
2025-04-08,1,0,History,0.7729915063944462,211.9339144900068,163.8231158177021
2025-04-09,2,0,History,0.6803940084894091,215.89029729744013,146.89046477217553
2025-04-10,3,0,History,0.7577940303454743,228.54733752780032,173.1918080299193
2025-04-11,4,0,History,0.7767301258042282,244.3161835616692,189.7677399938642
2025-04-12,5,1,History,1.0,257.2472385789426,257.2472385789426
2025-04-13,6,1,History,0.943107545285567,235.66509725577367,222.2575313823771
2025-04-14,0,0,History,0.728920973255965,239.84598191011617,174.82876656545446
2025-04-15,1,0,History,0.7589008781291832,226.32788544005717,171.76043100558056
2025-04-16,2,0,History,0.80256113396319,227.69770202728807,182.74132593983285
2025-04-17,3,0,History,0.7293093882260315,219.659756856715,160.19992289104965
2025-04-18,4,0,History,0.803739741147647,214.13842173453338,172.11155965467952
2025-04-19,5,1,History,0.8961840336707438,238.52070832891297,213.7584505042082
2025-04-20,6,1,History,0.9295868273457314,247.9335353076297,230.4757484792304
2025-04-21,0,0,History,0.7588463887252742,222.03080559727528,168.48727501325575
2025-04-22,1,0,History,0.6699909770399209,221.2036224764677,148.20443114777842
2025-04-23,2,0,History,0.830885063317361,224.44459562259428,186.48766204511873
2025-04-24,3,0,History,0.7122547651166671,219.81619736889053,156.56513402581805
2025-04-25,4,0,History,0.7762094935047003,230.78635261655634,179.13855787229434
2025-04-26,5,1,History,0.8917924524487679,241.075854015511,214.98962707867372
2025-04-27,6,1,History,1.0,233.94534910280953,233.94534910280953
2025-04-28,0,0,History,0.7860240909678765,224.21234958807537,176.2363082687387
2025-04-29,1,0,History,0.7234613379729761,239.1207631004237,172.99462720975157
2025-04-30,2,0,History,0.7135603191164033,216.43157116833515,154.43698098974178
2025-05-01,3,0,History,0.750844511934327,225.2425266345511,169.12211497777417
2025-05-02,4,0,History,0.7198657665714147,221.11901915165205,159.17601222512332
2025-05-03,5,1,History,1.0,265.6823975891965,265.6823975891965
2025-05-04,6,1,History,0.9212167079962378,255.02535202157046,234.93361524489282
2025-05-05,0,0,History,0.7228066141545413,230.3559714136422,166.50281974777502
2025-05-06,1,0,History,0.7342374485566207,213.6913217219367,156.90017083980678
2025-05-07,2,0,History,0.7035580051245643,223.94763100437723,157.56014852181167
2025-05-08,3,0,History,0.5774078588002686,213.4202033107782,123.23050261839442
2025-05-09,4,0,History,0.7113821841649327,214.1521700605327,152.34403848132186
2025-05-10,5,1,History,1.0,241.29482894152312,241.29482894152312
2025-05-11,6,1,History,1.0,267.0501414720703,267.0501414720703
2025-05-12,0,0,History,0.7323222160270914,220.22418848053985,161.2750657308368
2025-05-13,1,0,History,0.65800690621234,231.95045881034548,152.62500379632823
2025-05-14,2,0,History,0.7309487747502136,233.0658150299667,170.35917193231407
2025-05-15,3,0,History,0.6807617420358613,222.15494202733933,151.2345853364073
2025-05-16,4,0,History,0.7253256823488277,227.05788259847762,164.6909136284208
2025-05-17,5,1,History,0.9619127920861624,232.18708360530857,223.3437258771256
2025-05-18,6,1,History,0.905173420468878,242.58508984523195,219.5815755299587
2025-05-19,0,0,History,0.6574932194537073,229.91952607518698,151.1705294144453
2025-05-20,1,0,History,0.7179607023531058,228.60946526716668,164.13261224778296
2025-05-21,2,0,History,0.6872177988169377,220.26514675233784,151.37012930723137
2025-05-22,3,0,History,0.6542941354526282,232.54878550343312,152.15530656152745
2025-05-23,4,0,History,0.6481729127030335,212.9668840436953,138.03936553989115
2025-05-24,5,1,History,0.9271011475951884,236.514558009302,219.27291815339262
2025-05-25,6,1,History,1.0,251.53831916078258,251.53831916078258
2025-05-26,0,0,History,0.6618638862332731,223.85106230444327,148.15893403426537
2025-05-27,1,0,History,0.6853648632727692,201.3585453691943,138.00407191576156
2025-05-28,2,0,History,0.6890206037460019,221.75074680950436,152.7908334478115
2025-05-29,3,0,History,0.6252347462065004,220.62692477601314,137.94361931865123
2025-05-30,4,0,History,0.5914678830321553,206.4503720502469,122.10876450776037
2025-05-31,5,1,Forecast,0.8992956938374155,210.0,188.85209570585724
2025-06-01,6,1,Forecast,0.8755173838829677,210.0,183.85865061542322
2025-06-02,0,0,Forecast,0.6627064573489543,172.5,114.31686389269461
2025-06-03,1,0,Forecast,0.6711235505155567,172.5,115.76881246393353
2025-06-04,2,0,Forecast,0.6660771950043491,172.5,114.89831613825022
2025-06-05,3,0,Forecast,0.6868319706057252,172.5,118.4785149294876
2025-06-06,4,0,Forecast,0.6428756983544021,172.5,110.89605796613435
2025-06-07,5,1,Forecast,0.9829217408268575,210.0,206.41356557364006
2025-06-08,6,1,Forecast,0.9012226263830317,210.0,189.25675154043665
2025-06-09,0,0,Forecast,0.6524893152561634,172.5,112.55440688168818
2025-06-10,1,0,Forecast,0.6453805741247387,172.5,111.32814903651743
2025-06-11,2,0,Forecast,0.6327207162864183,172.5,109.14432355940717
2025-06-12,3,0,Forecast,0.6359881297632463,172.5,109.70795238415998
2025-06-13,4,0,Forecast,0.6539670306351789,172.5,112.80931278456836
2025-06-14,5,1,Forecast,0.9527021353715236,210.0,200.06744842801996
2025-06-15,6,1,Forecast,0.913231106918207,210.0,191.77853245282347
2025-06-16,0,0,Forecast,0.6478498593318065,172.5,111.75410073473662
2025-06-17,1,0,Forecast,0.6703764131733019,172.5,115.63993127239458
2025-06-18,2,0,Forecast,0.6648333823994393,172.5,114.68375846390329
2025-06-19,3,0,Forecast,0.6733700261428861,172.5,116.15632950964785
2025-06-20,4,0,Forecast,0.6122869940562061,172.5,105.61950647469556
2025-06-21,5,1,Forecast,0.8748059583920318,210.0,183.7092512623267
2025-06-22,6,1,Forecast,0.8607127944154542,210.0,180.7496868272454
2025-06-23,0,0,Forecast,0.6096169588915433,172.5,105.15892540879122
2025-06-24,1,0,Forecast,0.5737771096271477,150.0,86.06656644407215
2025-06-25,2,0,Forecast,0.5948757357333269,150.0,89.23136035999903
2025-06-26,3,0,Forecast,0.6329376513427489,172.5,109.18174485662419
2025-06-27,4,0,Forecast,0.6208681847634034,172.5,107.0997618716871
2025-06-28,5,1,Forecast,0.8329737582981735,172.5,143.68797330643494
2025-06-29,6,1,Forecast,0.8258849460234089,172.5,142.46515318903803
2025-06-30,0,0,Forecast,0.5781171799061364,150.0,86.71757698592046
2025-07-01,1,0,Forecast,0.5683809672759105,150.0,85.25714509138658
2025-07-02,2,0,Forecast,0.5846448211057347,150.0,87.6967231658602
2025-07-03,3,0,Forecast,0.5671621915462597,150.0,85.07432873193895
2025-07-04,4,0,Forecast,0.5783943994227264,150.0,86.75915991340896
2025-07-05,5,1,Forecast,0.8354008723684713,172.5,144.10665048356128
2025-07-06,6,1,Forecast,0.8249269970761179,172.5,142.29990699563035
2025-07-07,0,0,Forecast,0.5639933414984815,150.0,84.59900122477222
2025-07-08,1,0,Forecast,0.5806006028825279,150.0,87.09009043237918
2025-07-09,2,0,Forecast,0.6094032154222538,172.5,105.12205466033879
2025-07-10,3,0,Forecast,0.5936408014011979,150.0,89.04612021017968
2025-07-11,4,0,Forecast,0.5984494067212938,150.0,89.76741100819406
2025-07-12,5,1,Forecast,0.9010308479360692,210.0,189.21647806657455
2025-07-13,6,1,Forecast,0.847225110220608,172.5,146.1463315130549
2025-07-14,0,0,Forecast,0.5504188634548401,150.0,82.56282951822602
2025-07-15,1,0,Forecast,0.6048907996227156,172.5,104.34366293491844
2025-07-16,2,0,Forecast,0.5958525670978843,150.0,89.37788506468264
2025-07-17,3,0,Forecast,0.5992189514187881,150.0,89.88284271281822
2025-07-18,4,0,Forecast,0.6253068272234986,172.5,107.86542769605352
2025-07-19,5,1,Forecast,0.8026300500289798,172.5,138.453683629999
2025-07-20,6,1,Forecast,0.7822202246487103,172.5,134.93298875190254
2025-07-21,0,0,Forecast,0.5218760610594613,150.0,78.28140915891919
2025-07-22,1,0,Forecast,0.5425401218004647,150.0,81.38101827006972
2025-07-23,2,0,Forecast,0.5202042736665062,150.0,78.03064104997594
2025-07-24,3,0,Forecast,0.5341159717694641,150.0,80.11739576541962
2025-07-25,4,0,Forecast,0.5915703731679048,150.0,88.73555597518573
2025-07-26,5,1,Forecast,0.7813774595064351,172.5,134.78761176486006
2025-07-27,6,1,Forecast,0.8190270906291579,172.5,141.28217313352974
2025-07-28,0,0,Forecast,0.4865003621533424,150.0,72.97505432300136
2025-07-29,1,0,Forecast,0.513822137578526,150.0,77.0733206367789
2025-07-30,2,0,Forecast,0.479630988055262,150.0,71.9446482082893
2025-07-31,3,0,Forecast,0.4897098343855448,150.0,73.45647515783172
2025-08-01,4,0,Forecast,0.5545344611998048,150.0,83.18016917997072
2025-08-02,5,1,Forecast,0.7842353367576278,172.5,135.2805955906908
2025-08-03,6,1,Forecast,0.7994206482976124,172.5,137.90006183133815
2025-08-04,0,0,Forecast,0.4995009245697417,150.0,74.92513868546126
2025-08-05,1,0,Forecast,0.503524287879422,150.0,75.52864318191331
2025-08-06,2,0,Forecast,0.505033075022227,150.0,75.75496125333406
2025-08-07,3,0,Forecast,0.5159178784858465,150.0,77.38768177287697
2025-08-08,4,0,Forecast,0.5114605565162637,150.0,76.71908347743955
2025-08-09,5,1,Forecast,0.7684064706032983,172.5,132.55011617906894
2025-08-10,6,1,Forecast,0.7509057091338769,172.5,129.53123482559377
2025-08-11,0,0,Forecast,0.47350334133453764,150.0,71.02550120018064
2025-08-12,1,0,Forecast,0.4671015020006639,150.0,70.06522530009958
2025-08-13,2,0,Forecast,0.4941766069904778,150.0,74.12649104857167
2025-08-14,3,0,Forecast,0.49541114674243714,150.0,74.31167201136557
2025-08-15,4,0,Forecast,0.5085597479898036,150.0,76.28396219847055
2025-08-16,5,1,Forecast,0.715543241543939,172.5,123.43120916632948
2025-08-17,6,1,Forecast,0.6803119047793151,172.5,117.35380357443186
2025-08-18,0,0,Forecast,0.5155582626094306,150.0,77.3337393914146
2025-08-19,1,0,Forecast,0.4871760052876043,150.0,73.07640079314065
2025-08-20,2,0,Forecast,0.5390646431597438,150.0,80.85969647396156
2025-08-21,3,0,Forecast,0.4967862342125994,150.0,74.5179351318899
2025-08-22,4,0,Forecast,0.4723463250041446,150.0,70.85194875062169
2025-08-23,5,1,Forecast,0.725593385235483,172.5,125.16485895312081
2025-08-24,6,1,Forecast,0.704927708111291,172.5,121.6000296491977
2025-08-25,0,0,Forecast,0.4697642768938132,150.0,70.46464153407199
2025-08-26,1,0,Forecast,0.45750031663762786,150.0,68.62504749564418
2025-08-27,2,0,Forecast,0.5019856226837673,150.0,75.2978434025651
2025-08-28,3,0,Forecast,0.5005804981547146,150.0,75.0870747232072
