sender,receiver,amount,timestamp,is_fraud
User_12,User_145,378.23,2025-12-25 13:18:42.669611,0
User_129,User_22,2800.73,2025-12-25 13:18:42.670347,0
User_79,User_80,4860.23,2025-12-25 13:18:42.670619,0
User_53,User_125,2413.01,2025-12-25 13:18:42.670766,0
User_19,User_111,416.73,2025-12-25 13:18:42.670815,0
User_11,User_130,2681.04,2025-12-25 13:18:42.670959,0
User_80,User_85,3233.1,2025-12-25 13:18:42.671668,0
User_82,User_117,1448.4,2025-12-25 13:18:42.671852,0
User_188,User_194,1106.6,2025-12-25 13:18:42.671887,0
User_9,User_47,1584.08,2025-12-25 13:18:42.671920,0
User_106,User_68,1654.31,2025-12-25 13:18:42.672048,0
User_13,User_138,2619.17,2025-12-25 13:18:42.672091,0
User_22,User_17,3955.83,2025-12-25 13:18:42.672196,0
User_95,User_173,3465.16,2025-12-25 13:18:42.672233,0
User_170,User_96,1792.7,2025-12-25 13:18:42.672353,0
User_91,User_30,1080.64,2025-12-25 13:18:42.672535,0
User_83,User_135,3429.17,2025-12-25 13:18:42.672753,0
User_34,User_41,399.9,2025-12-25 13:18:42.673319,0
User_107,User_144,730.9,2025-12-25 13:18:42.673479,0
User_111,User_155,2366.12,2025-12-25 13:18:42.673534,0
User_150,User_27,4652.88,2025-12-25 13:18:42.673547,0
User_138,User_169,3510.23,2025-12-25 13:18:42.673579,0
User_15,User_24,4728.97,2025-12-25 13:18:42.673647,0
User_21,User_85,2187.68,2025-12-25 13:18:42.673714,0
User_94,User_181,2019.62,2025-12-25 13:18:42.673842,0
User_147,User_179,4605.83,2025-12-25 13:18:42.674003,0
User_68,User_178,4912.57,2025-12-25 13:18:42.674021,0
User_34,User_109,2518.72,2025-12-25 13:18:42.674266,0
User_3,User_22,4602.42,2025-12-25 13:18:42.674338,0
User_98,User_52,2496.46,2025-12-25 13:18:42.674502,0
User_131,User_185,4717.74,2025-12-25 13:18:42.674812,0
User_1,User_109,980.8,2025-12-25 13:18:42.674845,0
User_24,User_198,2782.18,2025-12-25 13:18:42.675022,0
User_132,User_81,4390.38,2025-12-25 13:18:42.675050,0
User_86,User_119,95.82,2025-12-25 13:18:42.675111,0
User_40,User_95,3241.38,2025-12-25 13:18:42.675270,0
User_4,User_19,1728.53,2025-12-25 13:18:42.675340,0
User_184,User_71,141.47,2025-12-25 13:18:42.675527,0
User_139,User_158,1144.46,2025-12-25 13:18:42.675641,0
User_190,User_138,321.09,2025-12-25 13:18:42.675696,0
User_47,User_34,1468.44,2025-12-25 13:18:42.675942,0
User_59,User_109,3977.25,2025-12-25 13:18:42.676068,0
User_72,User_175,798.92,2025-12-25 13:18:42.676134,0
User_19,User_81,1609.27,2025-12-25 13:18:42.676205,0
User_126,User_84,502.35,2025-12-25 13:18:42.676330,0
User_97,User_7,2139.84,2025-12-25 13:18:42.676455,0
User_103,User_157,2702.17,2025-12-25 13:18:42.676509,0
User_31,User_189,963.31,2025-12-25 13:18:42.676695,0
User_149,User_58,2436.53,2025-12-25 13:18:42.676870,0
User_166,User_6,1673.81,2025-12-26 13:18:42.670777,0
User_17,User_38,475.7,2025-12-26 13:18:42.670965,0
User_173,User_192,1734.81,2025-12-26 13:18:42.671196,0
User_116,User_23,1140.56,2025-12-26 13:18:42.671372,0
User_189,User_170,4916.55,2025-12-26 13:18:42.671377,0
User_85,User_99,2652.66,2025-12-26 13:18:42.671397,0
User_5,User_13,3967.39,2025-12-26 13:18:42.671483,0
User_32,User_2,3944.93,2025-12-26 13:18:42.671606,0
User_88,User_170,2300.77,2025-12-26 13:18:42.671915,0
User_104,User_62,4624.31,2025-12-26 13:18:42.672020,0
User_176,User_67,3197.46,2025-12-26 13:18:42.672112,0
User_40,User_156,1822.59,2025-12-26 13:18:42.672172,0
User_155,User_43,2727.74,2025-12-26 13:18:42.672700,0
User_20,User_63,948.3,2025-12-26 13:18:42.672710,0
User_178,User_184,4974.84,2025-12-26 13:18:42.672950,0
User_71,User_47,2417.04,2025-12-26 13:18:42.673033,0
User_164,User_100,2248.83,2025-12-26 13:18:42.673243,0
User_111,User_193,899.4,2025-12-26 13:18:42.673359,0
User_172,User_124,1421.75,2025-12-26 13:18:42.673619,0
User_42,User_36,851.74,2025-12-26 13:18:42.673733,0
User_100,User_62,908.37,2025-12-26 13:18:42.673848,0
User_172,User_165,2488.11,2025-12-26 13:18:42.674116,0
User_160,User_111,636.37,2025-12-26 13:18:42.674129,0
User_49,User_128,4892.13,2025-12-26 13:18:42.674312,0
User_62,User_0,3822.83,2025-12-26 13:18:42.674487,0
User_155,User_2,3604.54,2025-12-26 13:18:42.674526,0
User_125,User_90,3342.22,2025-12-26 13:18:42.674694,0
User_91,User_148,989.35,2025-12-26 13:18:42.674780,0
User_151,User_153,3338.81,2025-12-26 13:18:42.674858,0
User_79,User_44,3408.26,2025-12-26 13:18:42.674925,0
User_22,User_49,4235.08,2025-12-26 13:18:42.675097,0
User_159,User_146,2592.3,2025-12-26 13:18:42.675305,0
User_12,User_2,289.76,2025-12-26 13:18:42.675360,0
User_60,User_180,1746.16,2025-12-26 13:18:42.675402,0
User_76,User_72,4557.57,2025-12-26 13:18:42.675932,0
User_158,User_90,2763.79,2025-12-26 13:18:42.675980,0
User_24,User_22,720.38,2025-12-26 13:18:42.676000,0
User_109,User_74,635.0,2025-12-26 13:18:42.676090,0
User_4,User_97,4699.85,2025-12-26 13:18:42.676180,0
User_151,User_22,794.25,2025-12-26 13:18:42.676537,0
User_174,User_115,916.98,2025-12-26 13:18:42.676540,0
User_184,User_156,3922.52,2025-12-26 13:18:42.676629,0
User_145,User_69,4746.7,2025-12-26 13:18:42.676635,0
User_94,User_7,242.02,2025-12-26 13:18:42.676915,0
User_28,User_130,4170.55,2025-12-26 13:18:42.676957,0
User_63,User_84,400.5,2025-12-27 13:18:42.670402,0
User_14,User_120,1687.7,2025-12-27 13:18:42.671264,0
User_119,User_63,4669.82,2025-12-27 13:18:42.671642,0
User_41,User_119,4729.1,2025-12-27 13:18:42.671673,0
User_106,User_125,2506.26,2025-12-27 13:18:42.672139,0
User_131,User_93,1086.85,2025-12-27 13:18:42.672400,0
User_12,User_161,446.64,2025-12-27 13:18:42.672596,0
User_154,User_110,1836.58,2025-12-27 13:18:42.672721,0
User_98,User_21,4491.3,2025-12-27 13:18:42.672809,0
User_185,User_131,3686.85,2025-12-27 13:18:42.672837,0
User_44,User_74,1505.87,2025-12-27 13:18:42.672965,0
User_98,User_111,198.28,2025-12-27 13:18:42.673130,0
User_140,User_116,2406.75,2025-12-27 13:18:42.673271,0
User_196,User_170,1131.41,2025-12-27 13:18:42.673367,0
User_44,User_118,4452.55,2025-12-27 13:18:42.673433,0
User_197,User_113,867.74,2025-12-27 13:18:42.673567,0
User_41,User_10,4845.92,2025-12-27 13:18:42.673596,0
User_32,User_152,4417.93,2025-12-27 13:18:42.673778,0
User_12,User_44,548.49,2025-12-27 13:18:42.673819,0
User_192,User_106,4987.27,2025-12-27 13:18:42.673975,0
User_78,User_114,4903.38,2025-12-27 13:18:42.674252,0
User_152,User_170,1554.47,2025-12-27 13:18:42.674517,0
User_124,User_167,2209.22,2025-12-27 13:18:42.674604,0
User_191,User_48,3602.62,2025-12-27 13:18:42.674796,0
User_51,User_28,4803.62,2025-12-27 13:18:42.675005,0
User_4,User_104,4108.27,2025-12-27 13:18:42.675322,0
User_188,User_155,1309.88,2025-12-27 13:18:42.675405,0
User_34,User_44,2133.95,2025-12-27 13:18:42.675443,0
User_4,User_179,3825.5,2025-12-27 13:18:42.675601,0
User_84,User_173,126.72,2025-12-27 13:18:42.676037,0
User_71,User_27,4515.44,2025-12-27 13:18:42.676112,0
User_135,User_137,3671.08,2025-12-27 13:18:42.676189,0
User_90,User_167,3640.63,2025-12-27 13:18:42.676363,0
User_153,User_36,3459.77,2025-12-27 13:18:42.676473,0
User_36,User_56,1158.4,2025-12-27 13:18:42.676525,0
User_16,User_191,1202.5,2025-12-27 13:18:42.676597,0
User_164,User_35,487.24,2025-12-27 13:18:42.676717,0
User_141,User_85,3218.21,2025-12-27 13:18:42.676835,0
User_33,User_175,3396.49,2025-12-28 13:18:42.669480,0
User_52,User_154,1634.9,2025-12-28 13:18:42.670286,0
User_73,User_1,210.9,2025-12-28 13:18:42.670820,0
User_12,User_195,3190.53,2025-12-28 13:18:42.670831,0
User_121,User_151,1848.32,2025-12-28 13:18:42.670975,0
User_134,User_83,863.58,2025-12-28 13:18:42.671147,0
User_4,User_186,3908.75,2025-12-28 13:18:42.671275,0
User_180,User_6,1241.86,2025-12-28 13:18:42.671520,0
User_160,User_69,4287.64,2025-12-28 13:18:42.671595,0
User_48,User_90,1555.28,2025-12-28 13:18:42.672156,0
User_80,User_142,3632.77,2025-12-28 13:18:42.672336,0
User_81,User_2,4206.0,2025-12-28 13:18:42.672500,0
User_102,User_39,615.36,2025-12-28 13:18:42.672799,0
User_187,User_178,4598.38,2025-12-28 13:18:42.672853,0
User_5,User_38,3660.34,2025-12-28 13:18:42.672873,0
User_164,User_123,4168.92,2025-12-28 13:18:42.672912,0
User_181,User_191,1253.15,2025-12-28 13:18:42.672976,0
User_163,User_111,1370.75,2025-12-28 13:18:42.673088,0
User_83,User_109,40.85,2025-12-28 13:18:42.673291,0
User_2,User_73,4692.56,2025-12-28 13:18:42.673333,0
User_103,User_112,1898.27,2025-12-28 13:18:42.673463,0
User_26,User_124,2433.75,2025-12-28 13:18:42.673916,0
User_127,User_34,4885.31,2025-12-28 13:18:42.674107,0
User_24,User_122,3310.31,2025-12-28 13:18:42.674184,0
User_123,User_20,434.32,2025-12-28 13:18:42.674573,0
User_52,User_31,1277.77,2025-12-28 13:18:42.674749,0
User_60,User_92,226.5,2025-12-28 13:18:42.674917,0
User_126,User_76,2839.04,2025-12-28 13:18:42.674921,0
User_74,User_12,2945.03,2025-12-28 13:18:42.675107,0
User_50,User_166,3747.94,2025-12-28 13:18:42.675229,0
User_186,User_36,917.49,2025-12-28 13:18:42.675357,0
User_63,User_128,584.03,2025-12-28 13:18:42.675439,0
User_4,User_35,1720.0,2025-12-28 13:18:42.675509,0
User_139,User_90,268.9,2025-12-28 13:18:42.675534,0
User_124,User_173,899.88,2025-12-28 13:18:42.675650,0
User_58,User_37,1642.41,2025-12-28 13:18:42.675750,0
User_47,User_76,1098.99,2025-12-28 13:18:42.676072,0
User_92,User_55,2469.32,2025-12-28 13:18:42.676156,0
User_162,User_169,3320.32,2025-12-28 13:18:42.676234,0
User_15,User_171,1222.2,2025-12-28 13:18:42.676380,0
User_118,User_197,1616.1,2025-12-28 13:18:42.676448,0
User_95,User_39,3352.95,2025-12-28 13:18:42.676737,0
User_32,User_18,3387.49,2025-12-28 13:18:42.676877,0
User_170,User_42,4414.18,2025-12-28 13:18:42.676927,0
User_189,User_163,1558.16,2025-12-28 13:18:42.676978,0
User_110,User_67,2903.18,2025-12-28 13:18:42.676997,0
User_30,User_80,2336.61,2025-12-29 13:18:42.669412,0
User_21,User_185,549.77,2025-12-29 13:18:42.669498,0
User_26,User_92,708.39,2025-12-29 13:18:42.669589,0
User_122,User_54,2726.77,2025-12-29 13:18:42.670337,0
User_66,User_121,1268.18,2025-12-29 13:18:42.670479,0
User_51,User_120,3247.68,2025-12-29 13:18:42.670605,0
User_2,User_178,774.2,2025-12-29 13:18:42.670732,0
User_167,User_130,166.03,2025-12-29 13:18:42.671157,0
User_169,User_30,2144.99,2025-12-29 13:18:42.671421,0
User_116,User_4,1193.36,2025-12-29 13:18:42.671468,0
User_41,User_80,1918.41,2025-12-29 13:18:42.671746,0
User_27,User_14,644.71,2025-12-29 13:18:42.671830,0
User_45,User_123,4313.48,2025-12-29 13:18:42.671948,0
User_167,User_16,2817.31,2025-12-29 13:18:42.672014,0
User_116,User_89,4440.83,2025-12-29 13:18:42.672411,0
User_101,User_160,2164.2,2025-12-29 13:18:42.672507,0
User_21,User_161,976.39,2025-12-29 13:18:42.673378,0
User_183,User_45,195.08,2025-12-29 13:18:42.673456,0
User_167,User_121,4114.94,2025-12-29 13:18:42.673589,0
User_180,User_83,1733.76,2025-12-29 13:18:42.673768,0
User_108,User_80,1451.13,2025-12-29 13:18:42.673863,0
User_24,User_15,2502.23,2025-12-29 13:18:42.673874,0
User_43,User_142,4597.76,2025-12-29 13:18:42.674075,0
User_29,User_114,418.12,2025-12-29 13:18:42.674276,0
User_186,User_28,3447.67,2025-12-29 13:18:42.674429,0
User_63,User_37,1605.34,2025-12-29 13:18:42.674632,0
User_49,User_188,2429.3,2025-12-29 13:18:42.674710,0
User_12,User_161,4409.84,2025-12-29 13:18:42.674819,0
User_197,User_139,4815.63,2025-12-29 13:18:42.674866,0
User_147,User_199,4236.61,2025-12-29 13:18:42.675042,0
User_63,User_29,432.72,2025-12-29 13:18:42.675048,0
User_114,User_42,2407.21,2025-12-29 13:18:42.675277,0
User_78,User_42,3756.11,2025-12-29 13:18:42.675319,0
User_88,User_164,2834.58,2025-12-29 13:18:42.675446,0
User_41,User_157,4578.14,2025-12-29 13:18:42.675609,0
User_126,User_181,577.4,2025-12-29 13:18:42.675639,0
User_58,User_104,3883.06,2025-12-29 13:18:42.675668,0
User_157,User_174,3909.76,2025-12-29 13:18:42.675716,0
User_197,User_142,1082.89,2025-12-29 13:18:42.675982,0
User_170,User_150,2068.09,2025-12-29 13:18:42.676065,0
User_145,User_64,2482.7,2025-12-29 13:18:42.676103,0
User_167,User_155,774.46,2025-12-29 13:18:42.676123,0
User_67,User_160,3035.79,2025-12-29 13:18:42.676251,0
User_93,User_166,2209.45,2025-12-29 13:18:42.676276,0
User_51,User_76,570.48,2025-12-29 13:18:42.676308,0
User_6,User_50,3952.48,2025-12-29 13:18:42.676340,0
User_32,User_43,2007.82,2025-12-29 13:18:42.676391,0
User_53,User_0,4618.62,2025-12-29 13:18:42.676476,0
User_24,User_50,1388.81,2025-12-29 13:18:42.676570,0
User_39,User_189,1425.6,2025-12-29 13:18:42.676772,0
User_148,User_43,3436.48,2025-12-29 13:18:42.676788,0
User_58,User_75,2753.47,2025-12-29 13:18:42.676814,0
User_137,User_127,1670.31,2025-12-29 13:18:42.676968,0
User_72,User_154,32.97,2025-12-30 13:18:42.670370,0
User_195,User_71,3225.93,2025-12-30 13:18:42.670594,0
User_65,User_157,3556.37,2025-12-30 13:18:42.670637,0
User_165,User_92,2683.69,2025-12-30 13:18:42.670726,0
User_75,User_79,817.32,2025-12-30 13:18:42.670744,0
User_35,User_121,933.45,2025-12-30 13:18:42.671083,0
User_165,User_77,2762.75,2025-12-30 13:18:42.671504,0
User_74,User_40,2312.45,2025-12-30 13:18:42.671632,0
User_6,User_161,1513.67,2025-12-30 13:18:42.671720,0
User_156,User_27,2120.36,2025-12-30 13:18:42.671790,0
User_83,User_187,1689.81,2025-12-30 13:18:42.671836,0
User_87,User_28,381.61,2025-12-30 13:18:42.672004,0
User_184,User_180,1892.44,2025-12-30 13:18:42.672107,0
User_157,User_76,1543.58,2025-12-30 13:18:42.672150,0
User_31,User_54,1918.53,2025-12-30 13:18:42.672286,0
User_190,User_191,734.18,2025-12-30 13:18:42.672804,0
User_10,User_145,2883.6,2025-12-30 13:18:42.672992,0
User_151,User_173,2408.13,2025-12-30 13:18:42.673110,0
User_167,User_151,4340.35,2025-12-30 13:18:42.673537,0
User_81,User_25,3379.07,2025-12-30 13:18:42.673558,0
User_117,User_118,1953.41,2025-12-30 13:18:42.673657,0
User_196,User_80,2310.86,2025-12-30 13:18:42.673718,0
User_53,User_56,4473.59,2025-12-30 13:18:42.673806,0
User_107,User_19,1107.6,2025-12-30 13:18:42.673966,0
User_57,User_98,297.27,2025-12-30 13:18:42.674461,0
User_136,User_43,2565.93,2025-12-30 13:18:42.674535,0
User_165,User_43,1117.91,2025-12-30 13:18:42.674788,0
User_66,User_116,202.82,2025-12-30 13:18:42.675064,0
User_143,User_104,4044.93,2025-12-30 13:18:42.675101,0
User_192,User_135,1373.29,2025-12-30 13:18:42.675138,0
User_144,User_79,103.34,2025-12-30 13:18:42.675386,0
User_97,User_81,1433.15,2025-12-30 13:18:42.675530,0
User_171,User_103,992.16,2025-12-30 13:18:42.675663,0
User_114,User_193,257.94,2025-12-30 13:18:42.675690,0
User_36,User_94,974.18,2025-12-30 13:18:42.675731,0
User_117,User_91,2791.35,2025-12-30 13:18:42.675802,0
User_113,User_99,2393.89,2025-12-30 13:18:42.675863,0
User_75,User_89,2279.02,2025-12-30 13:18:42.675923,0
User_88,User_181,2049.71,2025-12-30 13:18:42.675963,0
User_85,User_60,4758.05,2025-12-30 13:18:42.676013,0
User_132,User_163,173.38,2025-12-30 13:18:42.676416,0
User_67,User_142,4090.62,2025-12-30 13:18:42.676427,0
User_173,User_8,2454.22,2025-12-30 13:18:42.676441,0
User_151,User_79,664.74,2025-12-30 13:18:42.676499,0
User_167,User_127,1139.58,2025-12-30 13:18:42.676515,0
User_51,User_118,792.3,2025-12-30 13:18:42.676534,0
User_85,User_88,53.07,2025-12-30 13:18:42.676817,0
User_22,User_196,3370.89,2025-12-31 13:18:42.669623,0
User_99,User_111,3797.94,2025-12-31 13:18:42.669666,0
User_177,User_22,1417.14,2025-12-31 13:18:42.670200,0
User_15,User_199,3315.4,2025-12-31 13:18:42.670474,0
User_131,User_79,960.66,2025-12-31 13:18:42.670533,0
User_29,User_183,1194.56,2025-12-31 13:18:42.670611,0
User_164,User_113,1495.94,2025-12-31 13:18:42.670681,0
User_23,User_173,4124.28,2025-12-31 13:18:42.670783,0
User_132,User_136,3710.24,2025-12-31 13:18:42.670953,0
User_116,User_154,421.55,2025-12-31 13:18:42.671010,0
User_151,User_147,1391.29,2025-12-31 13:18:42.671031,0
User_41,User_9,2616.14,2025-12-31 13:18:42.671238,0
User_173,User_175,830.37,2025-12-31 13:18:42.671285,0
User_115,User_160,4283.06,2025-12-31 13:18:42.671296,0
User_33,User_34,2842.83,2025-12-31 13:18:42.671366,0
User_129,User_136,2372.26,2025-12-31 13:18:42.671498,0
User_137,User_47,308.69,2025-12-31 13:18:42.672097,0
User_122,User_24,2020.86,2025-12-31 13:18:42.672315,0
User_9,User_145,547.36,2025-12-31 13:18:42.672444,0
User_186,User_179,689.98,2025-12-31 13:18:42.672559,0
User_51,User_166,4948.54,2025-12-31 13:18:42.672732,0
User_145,User_158,2615.09,2025-12-31 13:18:42.672764,0
User_119,User_89,1476.48,2025-12-31 13:18:42.672778,0
User_114,User_157,2897.86,2025-12-31 13:18:42.672783,0
User_94,User_108,1121.02,2025-12-31 13:18:42.672884,0
User_71,User_182,1447.44,2025-12-31 13:18:42.673024,0
User_57,User_20,1990.19,2025-12-31 13:18:42.673421,0
User_146,User_158,4332.65,2025-12-31 13:18:42.673774,0
User_104,User_39,4527.79,2025-12-31 13:18:42.673941,0
User_137,User_47,3643.16,2025-12-31 13:18:42.673970,0
User_43,User_23,1915.31,2025-12-31 13:18:42.674042,0
User_84,User_28,4280.14,2025-12-31 13:18:42.674088,0
User_108,User_140,3469.28,2025-12-31 13:18:42.674447,0
User_162,User_78,4440.47,2025-12-31 13:18:42.674491,0
User_131,User_125,4218.65,2025-12-31 13:18:42.674642,0
User_91,User_186,2577.55,2025-12-31 13:18:42.674715,0
User_24,User_105,37.17,2025-12-31 13:18:42.674905,0
User_180,User_33,4226.67,2025-12-31 13:18:42.674949,0
User_147,User_52,475.49,2025-12-31 13:18:42.674995,0
User_194,User_189,4589.7,2025-12-31 13:18:42.675178,0
User_60,User_1,3166.06,2025-12-31 13:18:42.675254,0
User_159,User_126,3778.02,2025-12-31 13:18:42.675431,0
User_185,User_31,4699.17,2025-12-31 13:18:42.675498,0
User_187,User_198,2783.18,2025-12-31 13:18:42.675544,0
User_137,User_162,678.03,2025-12-31 13:18:42.675693,0
User_99,User_165,3018.13,2025-12-31 13:18:42.675805,0
User_11,User_20,1504.92,2025-12-31 13:18:42.675838,0
User_125,User_107,1379.12,2025-12-31 13:18:42.675859,0
User_3,User_95,3693.02,2025-12-31 13:18:42.676078,0
User_151,User_135,3752.61,2025-12-31 13:18:42.676347,0
User_14,User_158,1029.62,2025-12-31 13:18:42.676357,0
User_48,User_137,186.94,2025-12-31 13:18:42.676543,0
User_74,User_118,4506.36,2025-12-31 13:18:42.676702,0
User_123,User_155,1386.66,2025-12-31 13:18:42.676759,0
User_99,User_107,1198.46,2026-01-01 13:18:42.669468,0
User_45,User_32,2063.77,2026-01-01 13:18:42.669474,0
User_2,User_195,4819.1,2026-01-01 13:18:42.670451,0
User_130,User_39,4076.35,2026-01-01 13:18:42.670737,0
User_172,User_187,1545.27,2026-01-01 13:18:42.671053,0
User_179,User_54,45.26,2026-01-01 13:18:42.671126,0
User_160,User_27,4751.39,2026-01-01 13:18:42.671323,0
User_122,User_173,4838.22,2026-01-01 13:18:42.671563,0
User_121,User_143,3640.92,2026-01-01 13:18:42.671652,0
User_128,User_30,294.97,2026-01-01 13:18:42.672465,0
User_137,User_140,2873.26,2026-01-01 13:18:42.672579,0
User_28,User_143,2500.91,2026-01-01 13:18:42.672635,0
User_60,User_112,4831.2,2026-01-01 13:18:42.673296,0
User_197,User_117,2777.97,2026-01-01 13:18:42.673347,0
User_92,User_52,2092.7,2026-01-01 13:18:42.673452,0
User_176,User_175,4392.99,2026-01-01 13:18:42.673582,0
User_193,User_33,3800.98,2026-01-01 13:18:42.673611,0
User_0,User_42,2593.25,2026-01-01 13:18:42.673677,0
User_61,User_169,114.85,2026-01-01 13:18:42.673983,0
User_57,User_151,3647.91,2026-01-01 13:18:42.674193,0
User_143,User_0,2932.68,2026-01-01 13:18:42.674197,0
User_64,User_147,991.07,2026-01-01 13:18:42.674210,0
User_55,User_176,3228.81,2026-01-01 13:18:42.674386,0
User_84,User_1,3751.85,2026-01-01 13:18:42.674628,0
User_45,User_63,2379.19,2026-01-01 13:18:42.674825,0
User_131,User_160,768.42,2026-01-01 13:18:42.674887,0
User_114,User_84,3933.28,2026-01-01 13:18:42.675334,0
User_74,User_173,4676.33,2026-01-01 13:18:42.675591,0
User_145,User_65,25.07,2026-01-01 13:18:42.675768,0
User_199,User_194,437.76,2026-01-01 13:18:42.675820,0
User_168,User_166,2163.91,2026-01-01 13:18:42.675927,0
User_5,User_161,2418.14,2026-01-01 13:18:42.675985,0
User_91,User_5,4343.31,2026-01-01 13:18:42.676019,0
User_82,User_63,1569.14,2026-01-01 13:18:42.676116,0
User_50,User_40,2275.02,2026-01-01 13:18:42.676295,0
User_186,User_121,3613.47,2026-01-01 13:18:42.676412,0
User_124,User_165,1123.68,2026-01-01 13:18:42.676433,0
User_172,User_187,309.32,2026-01-01 13:18:42.676445,0
User_48,User_185,154.56,2026-01-01 13:18:42.676549,0
User_46,User_8,2108.68,2026-01-01 13:18:42.676616,0
User_64,User_39,50.28,2026-01-01 13:18:42.676669,0
User_14,User_30,3363.42,2026-01-01 13:18:42.676823,0
User_56,User_187,4515.12,2026-01-01 13:18:42.676881,0
User_87,User_136,3952.4,2026-01-01 13:18:42.676896,0
User_2,User_196,1985.47,2026-01-02 13:18:42.669560,0
User_111,User_128,1021.68,2026-01-02 13:18:42.670274,0
User_96,User_60,1696.31,2026-01-02 13:18:42.670999,0
User_107,User_38,4371.43,2026-01-02 13:18:42.671004,0
User_150,User_129,1774.97,2026-01-02 13:18:42.671569,0
User_181,User_132,4897.81,2026-01-02 13:18:42.671704,0
User_165,User_40,3162.86,2026-01-02 13:18:42.671730,0
User_79,User_93,677.53,2026-01-02 13:18:42.671974,0
User_188,User_93,186.54,2026-01-02 13:18:42.672265,0
User_143,User_47,4198.34,2026-01-02 13:18:42.672270,0
User_64,User_176,2053.71,2026-01-02 13:18:42.672667,0
User_76,User_132,162.13,2026-01-02 13:18:42.673019,0
User_178,User_49,4382.68,2026-01-02 13:18:42.673135,0
User_107,User_122,4444.46,2026-01-02 13:18:42.673512,0
User_168,User_57,3718.71,2026-01-02 13:18:42.673592,0
User_187,User_61,2648.67,2026-01-02 13:18:42.673902,0
User_15,User_178,1537.12,2026-01-02 13:18:42.674038,0
User_164,User_110,1299.01,2026-01-02 13:18:42.674103,0
User_74,User_50,191.09,2026-01-02 13:18:42.674343,0
User_175,User_5,3219.82,2026-01-02 13:18:42.674352,0
User_4,User_36,2947.88,2026-01-02 13:18:42.674403,0
User_197,User_143,3805.77,2026-01-02 13:18:42.674495,0
User_24,User_89,1602.14,2026-01-02 13:18:42.674539,0
User_199,User_106,990.4,2026-01-02 13:18:42.674569,0
User_139,User_145,1505.88,2026-01-02 13:18:42.674624,0
User_51,User_197,3973.97,2026-01-02 13:18:42.674689,0
User_120,User_172,3040.44,2026-01-02 13:18:42.674777,0
User_93,User_122,1691.03,2026-01-02 13:18:42.674954,0
User_52,User_153,4888.56,2026-01-02 13:18:42.675073,0
User_124,User_119,452.27,2026-01-02 13:18:42.675083,0
User_34,User_132,4027.57,2026-01-02 13:18:42.675243,0
User_36,User_112,3283.14,2026-01-02 13:18:42.675409,0
User_179,User_23,2270.31,2026-01-02 13:18:42.675479,0
User_188,User_93,4798.94,2026-01-02 13:18:42.675787,0
User_30,User_77,3871.05,2026-01-02 13:18:42.675891,0
User_138,User_62,596.95,2026-01-02 13:18:42.675954,0
User_9,User_136,4978.04,2026-01-02 13:18:42.676197,0
User_94,User_133,3564.87,2026-01-02 13:18:42.676266,0
User_69,User_12,282.79,2026-01-02 13:18:42.676485,0
User_20,User_59,1893.44,2026-01-02 13:18:42.676512,0
User_52,User_8,261.43,2026-01-02 13:18:42.676581,0
User_165,User_144,3377.21,2026-01-02 13:18:42.676791,0
User_168,User_32,678.53,2026-01-02 13:18:42.676903,0
User_0,User_61,4021.69,2026-01-02 13:18:42.676907,0
User_29,User_0,4136.07,2026-01-03 13:18:42.670241,0
User_16,User_192,231.17,2026-01-03 13:18:42.670360,0
User_174,User_27,2132.55,2026-01-03 13:18:42.670552,0
User_30,User_17,617.3,2026-01-03 13:18:42.670842,0
User_28,User_76,2749.92,2026-01-03 13:18:42.671021,0
User_70,User_28,1320.31,2026-01-03 13:18:42.671042,0
User_108,User_19,3000.08,2026-01-03 13:18:42.671152,0
User_102,User_20,4891.44,2026-01-03 13:18:42.671328,0
User_177,User_145,4284.17,2026-01-03 13:18:42.671339,0
User_78,User_79,3980.17,2026-01-03 13:18:42.671579,0
User_110,User_180,4782.62,2026-01-03 13:18:42.671688,0
User_94,User_161,2184.74,2026-01-03 13:18:42.671699,0
User_38,User_33,128.51,2026-01-03 13:18:42.672042,0
User_29,User_197,1744.53,2026-01-03 13:18:42.672207,0
User_173,User_138,1821.55,2026-01-03 13:18:42.672541,0
User_72,User_180,1358.14,2026-01-03 13:18:42.673038,0
User_109,User_118,1695.77,2026-01-03 13:18:42.673263,0
User_25,User_62,4982.33,2026-01-03 13:18:42.673371,0
User_74,User_7,717.1,2026-01-03 13:18:42.673402,0
User_156,User_60,4808.12,2026-01-03 13:18:42.673523,0
User_111,User_188,4885.52,2026-01-03 13:18:42.673601,0
User_192,User_110,4307.22,2026-01-03 13:18:42.673627,0
User_91,User_7,3371.98,2026-01-03 13:18:42.673650,0
User_169,User_17,4343.8,2026-01-03 13:18:42.673743,0
User_81,User_156,3067.94,2026-01-03 13:18:42.673761,0
User_54,User_157,316.62,2026-01-03 13:18:42.673859,0
User_167,User_87,3844.14,2026-01-03 13:18:42.673906,0
User_37,User_21,1406.7,2026-01-03 13:18:42.674055,0
User_77,User_128,4283.86,2026-01-03 13:18:42.674390,0
User_93,User_136,4206.16,2026-01-03 13:18:42.674412,0
User_83,User_170,548.36,2026-01-03 13:18:42.674595,0
User_153,User_140,1642.37,2026-01-03 13:18:42.674728,0
User_137,User_63,2096.73,2026-01-03 13:18:42.674879,0
User_128,User_28,3600.48,2026-01-03 13:18:42.674892,0
User_195,User_119,2495.77,2026-01-03 13:18:42.674992,0
User_187,User_163,1880.42,2026-01-03 13:18:42.675132,0
User_84,User_4,2208.34,2026-01-03 13:18:42.675515,0
User_68,User_145,3846.26,2026-01-03 13:18:42.675709,0
User_123,User_133,4065.12,2026-01-03 13:18:42.675738,0
User_163,User_69,796.54,2026-01-03 13:18:42.675816,0
User_128,User_20,4560.07,2026-01-03 13:18:42.675828,0
User_111,User_160,4142.76,2026-01-03 13:18:42.675846,0
User_5,User_110,1054.97,2026-01-03 13:18:42.675899,0
User_149,User_111,20.03,2026-01-03 13:18:42.676100,0
User_63,User_35,4206.62,2026-01-03 13:18:42.676301,0
User_123,User_91,3858.1,2026-01-03 13:18:42.676361,0
User_69,User_49,4986.9,2026-01-03 13:18:42.676458,0
User_59,User_169,3158.54,2026-01-03 13:18:42.676564,0
User_169,User_88,2508.27,2026-01-04 13:18:42.669628,0
User_187,User_105,4084.47,2026-01-04 13:18:42.670419,0
User_3,User_142,2812.55,2026-01-04 13:18:42.670676,0
User_188,User_38,2634.72,2026-01-04 13:18:42.670826,0
User_199,User_92,4741.23,2026-01-04 13:18:42.670871,0
User_151,User_152,2459.68,2026-01-04 13:18:42.671715,0
User_70,User_145,4542.51,2026-01-04 13:18:42.671780,0
User_158,User_183,2077.33,2026-01-04 13:18:42.671894,0
User_110,User_185,1892.13,2026-01-04 13:18:42.672058,0
User_80,User_19,3339.16,2026-01-04 13:18:42.672064,0
User_174,User_190,1766.8,2026-01-04 13:18:42.672450,0
User_32,User_164,4568.95,2026-01-04 13:18:42.672601,0
User_0,User_188,2208.6,2026-01-04 13:18:42.672654,0
User_160,User_30,3865.34,2026-01-04 13:18:42.672906,0
User_26,User_47,3114.13,2026-01-04 13:18:42.672959,0
User_133,User_64,4762.36,2026-01-04 13:18:42.673363,0
User_101,User_185,3941.95,2026-01-04 13:18:42.673396,0
User_158,User_28,3865.84,2026-01-04 13:18:42.673838,0
User_196,User_73,1189.86,2026-01-04 13:18:42.674201,0
User_8,User_111,47.96,2026-01-04 13:18:42.674452,0
User_71,User_116,2665.88,2026-01-04 13:18:42.674556,0
User_107,User_26,57.32,2026-01-04 13:18:42.674681,0
User_58,User_84,787.95,2026-01-04 13:18:42.674808,0
User_199,User_116,3479.47,2026-01-04 13:18:42.674896,0
User_161,User_59,3336.73,2026-01-04 13:18:42.674913,0
User_35,User_152,3412.88,2026-01-04 13:18:42.675044,0
User_152,User_79,1593.81,2026-01-04 13:18:42.675093,0
User_52,User_159,541.83,2026-01-04 13:18:42.675301,0
User_31,User_64,2545.57,2026-01-04 13:18:42.675654,0
User_134,User_138,2241.47,2026-01-04 13:18:42.675671,0
User_73,User_177,2108.0,2026-01-04 13:18:42.675703,0
User_190,User_42,1699.57,2026-01-04 13:18:42.675967,0
User_89,User_12,4587.15,2026-01-04 13:18:42.676016,0
User_148,User_39,2114.44,2026-01-04 13:18:42.676030,0
User_85,User_161,2133.51,2026-01-04 13:18:42.676327,0
User_1,User_104,263.76,2026-01-04 13:18:42.676369,0
User_66,User_140,1751.77,2026-01-04 13:18:42.676561,0
User_13,User_168,3519.56,2026-01-04 13:18:42.676622,0
User_85,User_137,1745.82,2026-01-04 13:18:42.676673,0
User_135,User_28,1324.38,2026-01-04 13:18:42.676775,0
User_186,User_193,4275.04,2026-01-04 13:18:42.676805,0
User_118,User_45,3335.78,2026-01-04 13:18:42.676888,0
User_184,User_191,4694.3,2026-01-05 13:18:42.669539,0
User_81,User_84,4524.02,2026-01-05 13:18:42.671091,0
User_114,User_116,1814.35,2026-01-05 13:18:42.671115,0
User_161,User_177,626.15,2026-01-05 13:18:42.671173,0
User_181,User_119,2665.04,2026-01-05 13:18:42.671232,0
User_74,User_156,4587.59,2026-01-05 13:18:42.671459,0
User_125,User_129,1253.13,2026-01-05 13:18:42.671541,0
User_24,User_164,2384.87,2026-01-05 13:18:42.671556,0
User_145,User_120,1027.93,2026-01-05 13:18:42.671942,0
User_178,User_46,836.62,2026-01-05 13:18:42.672612,0
User_27,User_97,794.15,2026-01-05 13:18:42.672743,0
User_30,User_54,1098.79,2026-01-05 13:18:42.672970,0
User_106,User_37,3533.59,2026-01-05 13:18:42.673044,0
User_176,User_150,1005.24,2026-01-05 13:18:42.673094,0
User_184,User_73,1163.88,2026-01-05 13:18:42.673278,0
User_91,User_96,2500.9,2026-01-05 13:18:42.673459,0
User_61,User_180,3570.41,2026-01-05 13:18:42.673501,0
User_114,User_153,430.62,2026-01-05 13:18:42.673554,0
User_150,User_160,3008.61,2026-01-05 13:18:42.673631,0
User_55,User_77,4787.06,2026-01-05 13:18:42.673702,0
User_72,User_13,2025.7,2026-01-05 13:18:42.673753,0
User_116,User_41,4008.1,2026-01-05 13:18:42.673757,0
User_88,User_74,1559.94,2026-01-05 13:18:42.673924,0
User_192,User_99,515.63,2026-01-05 13:18:42.673945,0
User_142,User_14,1050.66,2026-01-05 13:18:42.674034,0
User_31,User_53,3145.76,2026-01-05 13:18:42.674064,0
User_81,User_46,4820.09,2026-01-05 13:18:42.674294,0
User_41,User_7,958.87,2026-01-05 13:18:42.674425,0
User_119,User_57,4962.94,2026-01-05 13:18:42.675039,0
User_68,User_2,4493.71,2026-01-05 13:18:42.675076,0
User_113,User_98,4103.21,2026-01-05 13:18:42.675225,0
User_96,User_22,4585.22,2026-01-05 13:18:42.675383,0
User_119,User_113,1717.33,2026-01-05 13:18:42.675473,0
User_170,User_88,804.85,2026-01-05 13:18:42.675687,0
User_183,User_42,1012.85,2026-01-05 13:18:42.675989,0
User_15,User_142,1587.54,2026-01-05 13:18:42.676027,0
User_70,User_163,4966.34,2026-01-05 13:18:42.676127,0
User_165,User_94,68.66,2026-01-05 13:18:42.676212,0
User_21,User_24,4740.81,2026-01-05 13:18:42.676282,0
User_103,User_62,870.11,2026-01-05 13:18:42.676384,0
User_126,User_160,1756.69,2026-01-05 13:18:42.676567,0
User_180,User_32,294.65,2026-01-05 13:18:42.676588,0
User_114,User_44,2192.75,2026-01-05 13:18:42.676606,0
User_55,User_190,4752.93,2026-01-05 13:18:42.676619,0
User_153,User_102,2072.23,2026-01-05 13:18:42.676654,0
User_52,User_123,3540.53,2026-01-05 13:18:42.676666,0
User_169,User_67,2981.64,2026-01-05 13:18:42.676676,0
User_158,User_164,140.65,2026-01-05 13:18:42.676679,0
User_59,User_166,3794.16,2026-01-05 13:18:42.676727,0
User_138,User_87,868.29,2026-01-05 13:18:42.676885,0
User_113,User_61,4148.58,2026-01-06 13:18:42.669510,0
User_44,User_87,2309.49,2026-01-06 13:18:42.669528,0
User_109,User_131,1227.45,2026-01-06 13:18:42.669583,0
User_126,User_147,286.29,2026-01-06 13:18:42.670310,0
User_105,User_65,194.52,2026-01-06 13:18:42.670446,0
User_61,User_186,2695.87,2026-01-06 13:18:42.670698,0
User_26,User_185,3010.92,2026-01-06 13:18:42.670855,0
User_97,User_166,4215.56,2026-01-06 13:18:42.670915,0
User_90,User_144,2827.82,2026-01-06 13:18:42.671142,0
User_96,User_97,4951.36,2026-01-06 13:18:42.671313,0
User_87,User_198,2733.52,2026-01-06 13:18:42.671454,0
User_127,User_59,86.47,2026-01-06 13:18:42.671546,0
User_26,User_171,3923.66,2026-01-06 13:18:42.671751,0
User_38,User_72,4233.12,2026-01-06 13:18:42.672145,0
User_6,User_30,4678.52,2026-01-06 13:18:42.673056,0
User_197,User_57,1435.91,2026-01-06 13:18:42.673083,0
User_55,User_127,2874.81,2026-01-06 13:18:42.673429,0
User_153,User_26,2613.9,2026-01-06 13:18:42.673575,0
User_187,User_23,755.07,2026-01-06 13:18:42.673781,0
User_192,User_194,4192.2,2026-01-06 13:18:42.673898,0
User_104,User_148,3477.19,2026-01-06 13:18:42.674160,0
User_145,User_131,1908.18,2026-01-06 13:18:42.674175,0
User_52,User_97,1722.11,2026-01-06 13:18:42.674228,0
User_109,User_0,3196.95,2026-01-06 13:18:42.674299,0
User_29,User_64,3341.9,2026-01-06 13:18:42.674647,0
User_79,User_45,2934.58,2026-01-06 13:18:42.674815,0
User_133,User_149,2325.17,2026-01-06 13:18:42.674900,0
User_153,User_62,736.4,2026-01-06 13:18:42.674981,0
User_132,User_113,4030.12,2026-01-06 13:18:42.675012,0
User_18,User_90,4980.34,2026-01-06 13:18:42.675057,0
User_166,User_64,3909.7,2026-01-06 13:18:42.675141,0
User_16,User_101,4574.93,2026-01-06 13:18:42.675867,0
User_175,User_12,2495.74,2026-01-06 13:18:42.675998,0
User_165,User_69,956.1,2026-01-06 13:18:42.676044,0
User_94,User_77,1206.11,2026-01-06 13:18:42.676166,0
User_65,User_8,2882.81,2026-01-06 13:18:42.676184,0
User_124,User_19,4161.87,2026-01-06 13:18:42.676237,0
User_180,User_168,2001.35,2026-01-06 13:18:42.676351,0
User_171,User_148,4948.85,2026-01-06 13:18:42.676406,0
User_46,User_143,375.77,2026-01-06 13:18:42.676555,0
User_174,User_27,4468.1,2026-01-06 13:18:42.676558,0
User_14,User_91,4153.81,2026-01-06 13:18:42.676603,0
User_8,User_87,3873.95,2026-01-06 13:18:42.676686,0
User_114,User_173,2780.84,2026-01-06 13:18:42.676802,0
User_96,User_86,1604.06,2026-01-06 13:18:42.676919,0
User_65,User_17,1590.64,2026-01-07 13:18:42.669550,0
User_117,User_185,3957.22,2026-01-07 13:18:42.669572,0
User_115,User_149,1074.42,2026-01-07 13:18:42.670430,0
User_48,User_73,980.62,2026-01-07 13:18:42.670720,0
User_24,User_104,2993.75,2026-01-07 13:18:42.671121,0
User_167,User_25,3753.67,2026-01-07 13:18:42.671163,0
User_1,User_170,3940.53,2026-01-07 13:18:42.671211,0
User_128,User_150,84.13,2026-01-07 13:18:42.671391,0
User_197,User_29,3286.9,2026-01-07 13:18:42.671488,0
User_120,User_183,537.69,2026-01-07 13:18:42.671616,0
User_84,User_147,1815.91,2026-01-07 13:18:42.671621,0
User_140,User_146,1226.61,2026-01-07 13:18:42.671910,0
User_125,User_48,99.3,2026-01-07 13:18:42.672162,0
User_149,User_51,4625.05,2026-01-07 13:18:42.672433,0
User_198,User_77,1680.45,2026-01-07 13:18:42.672727,0
User_110,User_70,4384.24,2026-01-07 13:18:42.672738,0
User_99,User_12,4762.37,2026-01-07 13:18:42.672826,0
User_7,User_17,2628.58,2026-01-07 13:18:42.673077,0
User_119,User_123,747.72,2026-01-07 13:18:42.673125,0
User_1,User_153,2335.91,2026-01-07 13:18:42.673326,0
User_82,User_96,1688.35,2026-01-07 13:18:42.673385,0
User_122,User_36,986.06,2026-01-07 13:18:42.673470,0
User_71,User_135,2534.42,2026-01-07 13:18:42.673509,0
User_61,User_68,4229.32,2026-01-07 13:18:42.673571,0
User_163,User_46,2266.53,2026-01-07 13:18:42.673729,0
User_171,User_111,4432.45,2026-01-07 13:18:42.673785,0
User_17,User_139,1058.84,2026-01-07 13:18:42.673869,0
User_180,User_138,3473.99,2026-01-07 13:18:42.673909,0
User_185,User_27,4737.25,2026-01-07 13:18:42.673962,0
User_175,User_22,1050.59,2026-01-07 13:18:42.673994,0
User_55,User_177,1428.61,2026-01-07 13:18:42.674025,0
User_67,User_4,3104.7,2026-01-07 13:18:42.674098,0
User_24,User_197,2991.25,2026-01-07 13:18:42.674247,0
User_121,User_71,1864.14,2026-01-07 13:18:42.674303,0
User_155,User_137,4252.24,2026-01-07 13:18:42.674360,0
User_22,User_76,4195.51,2026-01-07 13:18:42.674822,0
User_23,User_16,3074.95,2026-01-07 13:18:42.674833,0
User_149,User_183,2487.21,2026-01-07 13:18:42.675104,0
User_125,User_53,3005.59,2026-01-07 13:18:42.675163,0
User_151,User_80,3726.68,2026-01-07 13:18:42.675170,0
User_97,User_25,2191.27,2026-01-07 13:18:42.675260,0
User_118,User_181,1299.19,2026-01-07 13:18:42.675286,0
User_68,User_152,34.04,2026-01-07 13:18:42.675297,0
User_114,User_190,229.66,2026-01-07 13:18:42.675368,0
User_10,User_81,3370.96,2026-01-07 13:18:42.675376,0
User_6,User_28,3568.54,2026-01-07 13:18:42.675482,0
User_196,User_0,1769.29,2026-01-07 13:18:42.675597,0
User_99,User_152,3507.69,2026-01-07 13:18:42.675753,0
User_132,User_194,2913.24,2026-01-07 13:18:42.675775,0
User_130,User_174,2108.77,2026-01-07 13:18:42.676034,0
User_195,User_157,1102.06,2026-01-07 13:18:42.676177,0
User_140,User_135,3233.72,2026-01-07 13:18:42.676215,0
User_194,User_198,4994.29,2026-01-07 13:18:42.676344,0
User_184,User_192,139.39,2026-01-07 13:18:42.676395,0
User_27,User_40,3856.42,2026-01-07 13:18:42.676578,0
User_39,User_37,4795.54,2026-01-07 13:18:42.676611,0
User_109,User_12,36.95,2026-01-07 13:18:42.676820,0
User_105,User_65,3014.2,2026-01-07 13:18:42.676827,0
User_104,User_63,2114.06,2026-01-07 13:18:42.676873,0
User_198,User_181,1167.92,2026-01-08 13:18:42.669566,0
User_92,User_163,909.75,2026-01-08 13:18:42.670195,0
User_50,User_85,4857.48,2026-01-08 13:18:42.670253,0
User_144,User_50,365.2,2026-01-08 13:18:42.670391,0
User_199,User_133,1058.05,2026-01-08 13:18:42.670462,0
User_131,User_99,3890.45,2026-01-08 13:18:42.670800,0
User_76,User_93,2498.87,2026-01-08 13:18:42.670860,0
User_193,User_154,1983.26,2026-01-08 13:18:42.671180,0
User_10,User_49,1819.83,2026-01-08 13:18:42.671185,0
User_126,User_82,2401.19,2026-01-08 13:18:42.671201,0
User_59,User_188,2102.76,2026-01-08 13:18:42.671248,0
User_42,User_139,4989.91,2026-01-08 13:18:42.671477,0
User_175,User_146,2103.46,2026-01-08 13:18:42.671600,0
User_137,User_8,1238.73,2026-01-08 13:18:42.671953,0
User_125,User_112,3555.13,2026-01-08 13:18:42.672074,0
User_135,User_91,4577.23,2026-01-08 13:18:42.672292,0
User_155,User_7,4816.96,2026-01-08 13:18:42.672417,0
User_133,User_162,1585.76,2026-01-08 13:18:42.672623,0
User_180,User_25,1906.15,2026-01-08 13:18:42.672673,0
User_98,User_28,3429.36,2026-01-08 13:18:42.672689,0
User_152,User_168,326.63,2026-01-08 13:18:42.672758,0
User_13,User_155,610.29,2026-01-08 13:18:42.672918,0
User_22,User_134,561.19,2026-01-08 13:18:42.673256,0
User_196,User_104,3778.34,2026-01-08 13:18:42.673322,0
User_132,User_184,4336.54,2026-01-08 13:18:42.673483,0
User_130,User_181,3306.5,2026-01-08 13:18:42.673531,0
User_178,User_22,2835.29,2026-01-08 13:18:42.673710,0
User_117,User_30,1270.36,2026-01-08 13:18:42.674016,0
User_12,User_57,2232.01,2026-01-08 13:18:42.674262,0
User_193,User_171,2416.53,2026-01-08 13:18:42.674285,0
User_44,User_189,1122.51,2026-01-08 13:18:42.674465,0
User_26,User_97,1395.49,2026-01-08 13:18:42.674591,0
User_164,User_178,645.96,2026-01-08 13:18:42.674741,0
User_125,User_198,4353.16,2026-01-08 13:18:42.674854,0
User_173,User_47,3954.95,2026-01-08 13:18:42.674959,0
User_26,User_57,1104.96,2026-01-08 13:18:42.675114,0
User_26,User_11,691.07,2026-01-08 13:18:42.675398,0
User_173,User_2,3905.44,2026-01-08 13:18:42.675420,0
User_23,User_125,2378.4,2026-01-08 13:18:42.675454,0
User_35,User_108,521.91,2026-01-08 13:18:42.675712,0
User_30,User_0,4968.19,2026-01-08 13:18:42.675765,0
User_60,User_118,2101.1,2026-01-08 13:18:42.675915,0
User_33,User_23,1524.92,2026-01-08 13:18:42.675958,0
User_71,User_7,4730.73,2026-01-08 13:18:42.676006,0
User_46,User_93,2862.1,2026-01-08 13:18:42.676273,0
User_35,User_67,4731.21,2026-01-08 13:18:42.676469,0
User_191,User_43,3452.25,2026-01-08 13:18:42.676495,0
User_47,User_73,1167.63,2026-01-08 13:18:42.676750,0
User_96,User_94,638.47,2026-01-08 13:18:42.676839,0
User_126,User_135,1443.96,2026-01-08 13:18:42.676842,0
User_110,User_112,2978.55,2026-01-08 13:18:42.676988,0
User_191,User_150,3224.56,2026-01-09 13:18:42.669492,0
User_100,User_163,3121.8,2026-01-09 13:18:42.669555,0
User_132,User_94,853.2,2026-01-09 13:18:42.669634,0
User_52,User_156,4300.1,2026-01-09 13:18:42.670173,0
User_0,User_15,4459.36,2026-01-09 13:18:42.670380,0
User_188,User_157,4189.92,2026-01-09 13:18:42.670643,0
User_124,User_193,473.09,2026-01-09 13:18:42.670649,0
User_69,User_191,457.08,2026-01-09 13:18:42.670760,0
User_163,User_77,4339.33,2026-01-09 13:18:42.670887,0
User_102,User_115,1837.76,2026-01-09 13:18:42.670992,0
User_19,User_177,1316.05,2026-01-09 13:18:42.671037,0
User_195,User_10,2764.42,2026-01-09 13:18:42.671137,0
User_90,User_151,3712.03,2026-01-09 13:18:42.671222,0
User_177,User_141,4777.35,2026-01-09 13:18:42.671259,0
User_73,User_180,632.83,2026-01-09 13:18:42.671432,0
User_15,User_81,257.94,2026-01-09 13:18:42.671663,0
User_175,User_35,2486.14,2026-01-09 13:18:42.672187,0
User_195,User_184,4867.5,2026-01-09 13:18:42.672212,0
User_40,User_28,664.03,2026-01-09 13:18:42.672460,0
User_130,User_116,211.81,2026-01-09 13:18:42.672513,0
User_112,User_136,1195.49,2026-01-09 13:18:42.672716,0
User_10,User_125,4308.06,2026-01-09 13:18:42.672847,0
User_33,User_27,3717.08,2026-01-09 13:18:42.672895,0
User_17,User_151,1167.37,2026-01-09 13:18:42.672901,0
User_107,User_188,4385.28,2026-01-09 13:18:42.672987,0
User_172,User_187,3431.86,2026-01-09 13:18:42.673014,0
User_1,User_12,1279.69,2026-01-09 13:18:42.673141,0
User_127,User_21,4065.13,2026-01-09 13:18:42.673417,0
User_186,User_107,1731.73,2026-01-09 13:18:42.673794,0
User_124,User_74,2592.96,2026-01-09 13:18:42.673954,0
User_154,User_165,3227.87,2026-01-09 13:18:42.674369,0
User_157,User_156,4013.2,2026-01-09 13:18:42.674408,0
User_175,User_164,4165.8,2026-01-09 13:18:42.674582,0
User_121,User_171,4102.68,2026-01-09 13:18:42.675026,0
User_97,User_138,599.52,2026-01-09 13:18:42.675036,0
User_187,User_177,3140.51,2026-01-09 13:18:42.675156,0
User_45,User_42,399.27,2026-01-09 13:18:42.675207,0
User_86,User_186,478.62,2026-01-09 13:18:42.675337,0
User_195,User_91,2517.39,2026-01-09 13:18:42.675424,0
User_116,User_49,1970.75,2026-01-09 13:18:42.675458,0
User_160,User_62,2225.07,2026-01-09 13:18:42.675469,0
User_181,User_171,2715.22,2026-01-09 13:18:42.675524,0
User_36,User_103,1375.22,2026-01-09 13:18:42.675647,0
User_70,User_152,1501.25,2026-01-09 13:18:42.676420,0
User_191,User_22,4275.33,2026-01-09 13:18:42.676552,0
User_43,User_155,3034.61,2026-01-09 13:18:42.676756,0
User_102,User_74,3761.43,2026-01-09 13:18:42.676808,0
User_85,User_102,1338.84,2026-01-10 13:18:42.669437,0
User_136,User_24,2369.54,2026-01-10 13:18:42.669595,0
User_28,User_137,1359.86,2026-01-10 13:18:42.670223,0
User_92,User_53,2042.59,2026-01-10 13:18:42.670578,0
User_184,User_198,1372.75,2026-01-10 13:18:42.671227,0
User_74,User_55,34.23,2026-01-10 13:18:42.671344,0
User_160,User_65,1618.87,2026-01-10 13:18:42.671356,0
User_104,User_157,222.36,2026-01-10 13:18:42.671767,0
User_191,User_51,3108.43,2026-01-10 13:18:42.671824,0
User_95,User_60,2955.6,2026-01-10 13:18:42.671847,0
User_172,User_2,3863.32,2026-01-10 13:18:42.671958,0
User_15,User_171,1740.47,2026-01-10 13:18:42.672134,0
User_189,User_21,2171.15,2026-01-10 13:18:42.672167,0
User_55,User_138,4143.16,2026-01-10 13:18:42.672482,0
User_47,User_106,2859.0,2026-01-10 13:18:42.672629,0
User_0,User_9,3789.18,2026-01-10 13:18:42.673248,0
User_0,User_42,1977.28,2026-01-10 13:18:42.673516,0
User_182,User_186,3160.78,2026-01-10 13:18:42.673681,0
User_169,User_168,3931.93,2026-01-10 13:18:42.673725,0
User_10,User_103,1236.21,2026-01-10 13:18:42.673788,0
User_60,User_135,828.02,2026-01-10 13:18:42.673912,0
User_7,User_191,2699.17,2026-01-10 13:18:42.674051,0
User_64,User_27,1899.57,2026-01-10 13:18:42.674223,0
User_21,User_29,3831.27,2026-01-10 13:18:42.674233,0
User_146,User_109,2690.63,2026-01-10 13:18:42.674320,0
User_163,User_118,1533.92,2026-01-10 13:18:42.674564,0
User_101,User_161,454.83,2026-01-10 13:18:42.674620,0
User_97,User_62,514.68,2026-01-10 13:18:42.674754,0
User_185,User_109,3437.5,2026-01-10 13:18:42.674761,0
User_36,User_176,1704.94,2026-01-10 13:18:42.674793,0
User_183,User_15,1527.86,2026-01-10 13:18:42.674837,0
User_67,User_65,1126.36,2026-01-10 13:18:42.674998,0
User_68,User_69,3052.88,2026-01-10 13:18:42.675029,0
User_79,User_82,3428.26,2026-01-10 13:18:42.675150,0
User_150,User_149,1481.71,2026-01-10 13:18:42.675214,0
User_86,User_1,4945.79,2026-01-10 13:18:42.675309,0
User_88,User_97,1618.05,2026-01-10 13:18:42.675325,0
User_34,User_22,2728.71,2026-01-10 13:18:42.675331,0
User_122,User_53,3683.34,2026-01-10 13:18:42.675416,0
User_141,User_190,1554.44,2026-01-10 13:18:42.675604,0
User_195,User_45,4745.43,2026-01-10 13:18:42.675674,0
User_6,User_48,820.56,2026-01-10 13:18:42.675747,0
User_38,User_75,1480.44,2026-01-10 13:18:42.675793,0
User_86,User_56,749.02,2026-01-10 13:18:42.675895,0
User_30,User_96,1387.98,2026-01-10 13:18:42.675904,0
User_168,User_169,472.32,2026-01-10 13:18:42.675970,0
User_49,User_107,882.02,2026-01-10 13:18:42.676009,0
User_62,User_107,1833.63,2026-01-10 13:18:42.676040,0
User_78,User_184,3335.16,2026-01-10 13:18:42.676159,0
User_189,User_173,2258.77,2026-01-10 13:18:42.676289,0
User_171,User_30,3658.04,2026-01-10 13:18:42.676317,0
User_98,User_106,2027.64,2026-01-10 13:18:42.676489,0
User_197,User_186,4678.9,2026-01-10 13:18:42.676594,0
User_183,User_120,2384.82,2026-01-10 13:18:42.676741,0
User_143,User_56,2816.97,2026-01-10 13:18:42.676961,0
User_83,User_5,4045.37,2026-01-11 13:18:42.670189,0
User_8,User_42,1559.54,2026-01-11 13:18:42.670321,0
User_115,User_158,1192.9,2026-01-11 13:18:42.670408,0
User_89,User_111,3654.44,2026-01-11 13:18:42.670654,0
User_72,User_107,4742.92,2026-01-11 13:18:42.670703,0
User_150,User_116,2234.01,2026-01-11 13:18:42.670789,0
User_101,User_104,3338.99,2026-01-11 13:18:42.670877,0
User_91,User_38,202.69,2026-01-11 13:18:42.671058,0
User_92,User_8,2629.85,2026-01-11 13:18:42.671106,0
User_105,User_71,1352.21,2026-01-11 13:18:42.671449,0
User_68,User_8,689.44,2026-01-11 13:18:42.671509,0
User_37,User_169,1483.15,2026-01-11 13:18:42.671536,0
User_68,User_79,1703.93,2026-01-11 13:18:42.671694,0
User_173,User_184,3583.11,2026-01-11 13:18:42.671757,0
User_80,User_1,910.54,2026-01-11 13:18:42.671772,0
User_104,User_10,664.82,2026-01-11 13:18:42.671863,0
User_77,User_45,2638.03,2026-01-11 13:18:42.671984,0
User_130,User_98,2944.93,2026-01-11 13:18:42.671998,0
User_60,User_179,2557.97,2026-01-11 13:18:42.672201,0
User_160,User_93,4752.77,2026-01-11 13:18:42.672552,0
User_195,User_186,2328.11,2026-01-11 13:18:42.672815,0
User_108,User_190,3042.77,2026-01-11 13:18:42.672831,0
User_123,User_113,4516.71,2026-01-11 13:18:42.673392,0
User_105,User_98,4975.57,2026-01-11 13:18:42.673541,0
User_23,User_158,3106.46,2026-01-11 13:18:42.673643,0
User_34,User_44,3435.07,2026-01-11 13:18:42.673855,0
User_14,User_114,725.61,2026-01-11 13:18:42.673886,0
User_9,User_124,2230.88,2026-01-11 13:18:42.674188,0
User_109,User_182,4376.28,2026-01-11 13:18:42.674257,0
User_31,User_161,3961.26,2026-01-11 13:18:42.674438,0
User_30,User_68,3781.31,2026-01-11 13:18:42.674512,0
User_65,User_139,977.55,2026-01-11 13:18:42.674600,0
User_32,User_187,363.29,2026-01-11 13:18:42.674663,0
User_119,User_147,3077.81,2026-01-11 13:18:42.674671,0
User_42,User_115,4727.23,2026-01-11 13:18:42.674773,0
User_144,User_3,3307.07,2026-01-11 13:18:42.674849,0
User_199,User_18,3601.99,2026-01-11 13:18:42.675144,0
User_95,User_115,3465.83,2026-01-11 13:18:42.675274,0
User_151,User_75,2096.64,2026-01-11 13:18:42.675558,0
User_62,User_132,640.01,2026-01-11 13:18:42.675619,0
User_28,User_109,4514.86,2026-01-11 13:18:42.675756,0
User_36,User_119,4308.66,2026-01-11 13:18:42.675762,0
User_172,User_75,4189.34,2026-01-11 13:18:42.675852,0
User_57,User_118,562.01,2026-01-11 13:18:42.675911,0
User_198,User_118,4108.66,2026-01-11 13:18:42.676075,0
User_41,User_194,1734.37,2026-01-11 13:18:42.676311,0
User_144,User_13,2417.47,2026-01-11 13:18:42.676778,0
User_66,User_76,2785.88,2026-01-11 13:18:42.676848,0
User_175,User_167,3858.02,2026-01-11 13:18:42.676856,0
User_154,User_19,690.85,2026-01-12 13:18:42.669362,0
User_196,User_121,3391.58,2026-01-12 13:18:42.669486,0
User_184,User_153,182.78,2026-01-12 13:18:42.669522,0
User_187,User_78,669.03,2026-01-12 13:18:42.669675,0
User_152,User_78,4143.59,2026-01-12 13:18:42.670247,0
User_110,User_175,2936.1,2026-01-12 13:18:42.670386,0
User_108,User_65,4339.0,2026-01-12 13:18:42.671016,0
User_102,User_11,1240.01,2026-01-12 13:18:42.671349,0
User_130,User_53,4720.53,2026-01-12 13:18:42.671584,0
User_83,User_152,1753.44,2026-01-12 13:18:42.671735,0
User_6,User_179,583.71,2026-01-12 13:18:42.671930,0
User_104,User_135,123.48,2026-01-12 13:18:42.672053,0
User_105,User_56,1220.93,2026-01-12 13:18:42.672081,0
User_184,User_45,1593.33,2026-01-12 13:18:42.672178,0
User_10,User_43,4124.95,2026-01-12 13:18:42.672320,0
User_117,User_153,4740.49,2026-01-12 13:18:42.672342,0
User_109,User_154,266.69,2026-01-12 13:18:42.672363,0
User_47,User_82,19.38,2026-01-12 13:18:42.672471,0
User_141,User_10,1635.57,2026-01-12 13:18:42.672924,0
User_97,User_40,2164.88,2026-01-12 13:18:42.673104,0
User_19,User_151,3101.0,2026-01-12 13:18:42.673315,0
User_177,User_193,4373.67,2026-01-12 13:18:42.673406,0
User_74,User_132,922.9,2026-01-12 13:18:42.673615,0
User_29,User_113,485.17,2026-01-12 13:18:42.673623,0
User_143,User_35,3933.89,2026-01-12 13:18:42.673653,0
User_33,User_142,2480.88,2026-01-12 13:18:42.673688,0
User_115,User_91,805.85,2026-01-12 13:18:42.673798,0
User_40,User_107,880.8,2026-01-12 13:18:42.674166,0
User_83,User_138,4889.32,2026-01-12 13:18:42.674206,0
User_51,User_30,4065.17,2026-01-12 13:18:42.674399,0
User_180,User_58,3087.45,2026-01-12 13:18:42.674421,0
User_187,User_175,4134.8,2026-01-12 13:18:42.674521,0
User_75,User_171,1660.34,2026-01-12 13:18:42.674829,0
User_38,User_74,4243.33,2026-01-12 13:18:42.674871,0
User_120,User_171,3784.29,2026-01-12 13:18:42.675203,0
User_105,User_184,3901.09,2026-01-12 13:18:42.675251,0
User_103,User_38,3716.75,2026-01-12 13:18:42.675290,0
User_167,User_103,253.1,2026-01-12 13:18:42.675293,0
User_23,User_110,2461.21,2026-01-12 13:18:42.675312,0
User_74,User_127,301.95,2026-01-12 13:18:42.675316,0
User_109,User_81,988.72,2026-01-12 13:18:42.675505,0
User_166,User_150,4327.54,2026-01-12 13:18:42.675572,0
User_106,User_88,1224.29,2026-01-12 13:18:42.675657,0
User_139,User_34,1879.01,2026-01-12 13:18:42.675724,0
User_142,User_88,3349.44,2026-01-12 13:18:42.675824,0
User_72,User_5,3518.98,2026-01-12 13:18:42.675936,0
User_197,User_81,4470.71,2026-01-12 13:18:42.676194,0
User_139,User_155,3447.85,2026-01-12 13:18:42.676530,0
User_123,User_72,2714.21,2026-01-12 13:18:42.676699,0
User_154,User_179,3666.77,2026-01-12 13:18:42.676753,0
User_138,User_92,3797.77,2026-01-13 13:18:42.670178,0
User_18,User_51,3337.32,2026-01-13 13:18:42.670524,0
User_11,User_39,26.29,2026-01-13 13:18:42.670671,0
User_170,User_135,1977.43,2026-01-13 13:18:42.670687,0
User_149,User_102,1920.1,2026-01-13 13:18:42.671131,0
User_73,User_48,1307.04,2026-01-13 13:18:42.671437,0
User_148,User_30,4216.46,2026-01-13 13:18:42.671493,0
User_47,User_103,3022.17,2026-01-13 13:18:42.671709,0
User_127,User_76,2758.51,2026-01-13 13:18:42.671937,0
User_114,User_193,4599.13,2026-01-13 13:18:42.672128,0
User_179,User_31,3680.1,2026-01-13 13:18:42.672585,0
User_160,User_147,3715.63,2026-01-13 13:18:42.672694,0
User_195,User_188,475.84,2026-01-13 13:18:42.672868,0
User_32,User_108,2736.62,2026-01-13 13:18:42.672929,0
User_87,User_61,4861.44,2026-01-13 13:18:42.673067,0
User_38,User_12,4806.17,2026-01-13 13:18:42.673234,0
User_177,User_92,1813.0,2026-01-13 13:18:42.673252,0
User_153,User_21,1772.54,2026-01-13 13:18:42.673259,0
User_10,User_103,2907.91,2026-01-13 13:18:42.673307,0
User_113,User_0,4152.49,2026-01-13 13:18:42.673330,0
User_30,User_99,4599.98,2026-01-13 13:18:42.673410,0
User_72,User_163,1754.04,2026-01-13 13:18:42.673519,0
User_64,User_44,3258.46,2026-01-13 13:18:42.673665,0
User_112,User_107,3315.25,2026-01-13 13:18:42.673669,0
User_150,User_99,2524.96,2026-01-13 13:18:42.673685,0
User_173,User_180,2242.98,2026-01-13 13:18:42.673815,0
User_121,User_187,4160.26,2026-01-13 13:18:42.673890,0
User_153,User_22,1453.62,2026-01-13 13:18:42.673990,0
User_30,User_138,1305.8,2026-01-13 13:18:42.674029,0
User_72,User_194,4593.99,2026-01-13 13:18:42.674092,0
User_47,User_138,1594.42,2026-01-13 13:18:42.674120,0
User_58,User_149,4550.6,2026-01-13 13:18:42.674637,0
User_151,User_191,3286.91,2026-01-13 13:18:42.674745,0
User_80,User_90,946.98,2026-01-13 13:18:42.674875,0
User_164,User_19,3913.11,2026-01-13 13:18:42.674883,0
User_169,User_101,4960.04,2026-01-13 13:18:42.674977,0
User_114,User_149,3933.81,2026-01-13 13:18:42.675032,0
User_75,User_11,4925.26,2026-01-13 13:18:42.675086,0
User_102,User_15,1404.66,2026-01-13 13:18:42.675372,0
User_146,User_153,4958.91,2026-01-13 13:18:42.675412,0
User_34,User_156,321.49,2026-01-13 13:18:42.675519,0
User_61,User_40,1796.56,2026-01-13 13:18:42.675547,0
User_37,User_23,1480.17,2026-01-13 13:18:42.675680,0
User_20,User_48,3401.57,2026-01-13 13:18:42.675719,0
User_92,User_51,3924.68,2026-01-13 13:18:42.675782,0
User_86,User_189,4029.87,2026-01-13 13:18:42.675875,0
User_158,User_67,2282.94,2026-01-13 13:18:42.676062,0
User_154,User_52,3941.36,2026-01-13 13:18:42.676109,0
User_169,User_123,3549.41,2026-01-13 13:18:42.676203,0
User_81,User_92,1412.42,2026-01-13 13:18:42.676225,0
User_84,User_5,2599.46,2026-01-13 13:18:42.676269,0
User_43,User_60,2452.24,2026-01-13 13:18:42.676492,0
User_12,User_55,4226.05,2026-01-13 13:18:42.676656,0
User_21,User_98,2781.07,2026-01-13 13:18:42.676781,0
User_62,User_79,2387.87,2026-01-13 13:18:42.676981,0
User_35,User_75,4506.78,2026-01-14 13:18:42.669533,0
User_27,User_177,1941.39,2026-01-14 13:18:42.669606,0
User_151,User_2,1404.72,2026-01-14 13:18:42.669617,0
User_187,User_124,2120.8,2026-01-14 13:18:42.669686,0
User_133,User_35,1267.05,2026-01-14 13:18:42.670292,0
User_109,User_8,4152.36,2026-01-14 13:18:42.671047,0
User_44,User_138,1862.9,2026-01-14 13:18:42.671217,0
User_58,User_118,4414.97,2026-01-14 13:18:42.671443,0
User_185,User_165,1434.08,2026-01-14 13:18:42.671647,0
User_110,User_104,2250.66,2026-01-14 13:18:42.671873,0
User_15,User_63,98.48,2026-01-14 13:18:42.671969,0
User_197,User_121,607.31,2026-01-14 13:18:42.672255,0
User_69,User_114,3754.26,2026-01-14 13:18:42.672325,0
User_53,User_91,2923.77,2026-01-14 13:18:42.672394,0
User_111,User_172,2040.85,2026-01-14 13:18:42.672788,0
User_92,User_183,1973.44,2026-01-14 13:18:42.672820,0
User_66,User_26,408.05,2026-01-14 13:18:42.672982,0
User_87,User_33,995.17,2026-01-14 13:18:42.673437,0
User_144,User_130,3380.89,2026-01-14 13:18:42.673490,0
User_10,User_80,784.44,2026-01-14 13:18:42.673673,0
User_77,User_122,778.01,2026-01-14 13:18:42.674084,0
User_197,User_104,4274.4,2026-01-14 13:18:42.674329,0
User_196,User_172,431.62,2026-01-14 13:18:42.674374,0
User_163,User_13,114.82,2026-01-14 13:18:42.674395,0
User_10,User_144,196.96,2026-01-14 13:18:42.674416,0
User_11,User_121,2096.67,2026-01-14 13:18:42.674548,0
User_156,User_84,271.2,2026-01-14 13:18:42.674841,0
User_163,User_43,3312.58,2026-01-14 13:18:42.674971,0
User_17,User_25,318.59,2026-01-14 13:18:42.674988,0
User_146,User_117,114.86,2026-01-14 13:18:42.675054,0
User_78,User_62,949.1,2026-01-14 13:18:42.675160,0
User_29,User_80,2108.14,2026-01-14 13:18:42.675266,0
User_20,User_113,1929.14,2026-01-14 13:18:42.675344,0
User_173,User_58,2240.87,2026-01-14 13:18:42.675632,0
User_165,User_67,4354.11,2026-01-14 13:18:42.675741,0
User_106,User_88,3115.58,2026-01-14 13:18:42.675771,0
User_157,User_147,3103.93,2026-01-14 13:18:42.675779,0
User_196,User_194,2358.29,2026-01-14 13:18:42.675992,0
User_18,User_145,1186.53,2026-01-14 13:18:42.676228,0
User_191,User_143,4462.77,2026-01-14 13:18:42.676230,0
User_127,User_60,3789.07,2026-01-14 13:18:42.676373,0
User_109,User_75,1651.96,2026-01-14 13:18:42.676461,0
User_140,User_190,2007.28,2026-01-14 13:18:42.676730,0
User_82,User_78,4893.97,2026-01-14 13:18:42.676746,0
User_108,User_106,3232.59,2026-01-14 13:18:42.676765,0
User_30,User_109,1436.27,2026-01-14 13:18:42.676862,0
User_145,User_163,4874.08,2026-01-14 13:18:42.676984,0
User_69,User_59,579.2,2026-01-15 13:18:42.669516,0
User_152,User_44,3570.28,2026-01-15 13:18:42.670217,0
User_0,User_144,1444.97,2026-01-15 13:18:42.670365,0
User_178,User_33,30.45,2026-01-15 13:18:42.670750,0
User_105,User_71,4628.26,2026-01-15 13:18:42.670794,0
User_68,User_7,4396.53,2026-01-15 13:18:42.670943,0
User_56,User_180,3781.51,2026-01-15 13:18:42.670948,0
User_199,User_23,899.37,2026-01-15 13:18:42.671290,0
User_143,User_126,3670.76,2026-01-15 13:18:42.671301,0
User_61,User_5,534.99,2026-01-15 13:18:42.671386,0
User_158,User_110,4975.75,2026-01-15 13:18:42.671551,0
User_175,User_77,3150.33,2026-01-15 13:18:42.671683,0
User_114,User_143,2662.84,2026-01-15 13:18:42.671762,0
User_195,User_70,184.82,2026-01-15 13:18:42.671842,0
User_41,User_49,4109.31,2026-01-15 13:18:42.672249,0
User_22,User_153,4231.83,2026-01-15 13:18:42.672309,0
User_66,User_21,1402.59,2026-01-15 13:18:42.672368,0
User_51,User_25,905.48,2026-01-15 13:18:42.672383,0
User_162,User_68,142.73,2026-01-15 13:18:42.672793,0
User_179,User_73,4211.27,2026-01-15 13:18:42.672862,0
User_42,User_119,2609.61,2026-01-15 13:18:42.672879,0
User_49,User_21,281.67,2026-01-15 13:18:42.673286,0
User_144,User_115,3595.99,2026-01-15 13:18:42.673441,0
User_67,User_5,819.65,2026-01-15 13:18:42.673473,0
User_153,User_1,3378.76,2026-01-15 13:18:42.673505,0
User_21,User_140,3171.79,2026-01-15 13:18:42.673791,0
User_196,User_72,3000.85,2026-01-15 13:18:42.673828,0
User_160,User_153,4622.13,2026-01-15 13:18:42.674007,0
User_129,User_161,1865.37,2026-01-15 13:18:42.674170,0
User_145,User_29,4692.61,2026-01-15 13:18:42.674243,0
User_192,User_118,3155.56,2026-01-15 13:18:42.674281,0
User_71,User_179,3389.82,2026-01-15 13:18:42.674365,0
User_56,User_199,1773.64,2026-01-15 13:18:42.674552,0
User_102,User_51,2541.51,2026-01-15 13:18:42.674706,0
User_114,User_38,3560.09,2026-01-15 13:18:42.674719,0
User_65,User_81,2292.41,2026-01-15 13:18:42.675435,0
User_86,User_130,4699.32,2026-01-15 13:18:42.675635,0
User_103,User_131,1093.02,2026-01-15 13:18:42.675644,0
User_25,User_157,2531.07,2026-01-15 13:18:42.675660,0
User_14,User_36,1660.72,2026-01-15 13:18:42.675677,0
User_114,User_37,4487.84,2026-01-15 13:18:42.675888,0
User_100,User_182,790.43,2026-01-15 13:18:42.675919,0
User_105,User_175,185.63,2026-01-15 13:18:42.676055,0
User_197,User_6,2119.38,2026-01-15 13:18:42.676059,0
User_93,User_189,4817.37,2026-01-15 13:18:42.676218,0
User_26,User_82,828.59,2026-01-15 13:18:42.676314,0
User_57,User_104,106.85,2026-01-15 13:18:42.676398,0
User_16,User_83,1167.93,2026-01-15 13:18:42.676504,0
User_135,User_30,922.76,2026-01-15 13:18:42.676714,0
User_95,User_143,4119.21,2026-01-16 13:18:42.669453,0
User_33,User_9,1158.56,2026-01-16 13:18:42.669651,0
User_166,User_65,2324.21,2026-01-16 13:18:42.670211,0
User_98,User_23,1848.98,2026-01-16 13:18:42.670866,0
User_158,User_110,3322.57,2026-01-16 13:18:42.670898,0
User_168,User_182,2264.55,2026-01-16 13:18:42.670937,0
User_198,User_39,2789.54,2026-01-16 13:18:42.670981,0
User_52,User_25,1262.83,2026-01-16 13:18:42.671190,0
User_198,User_176,1473.48,2026-01-16 13:18:42.671270,0
User_101,User_27,3015.73,2026-01-16 13:18:42.671402,0
User_73,User_176,1429.35,2026-01-16 13:18:42.671627,0
User_118,User_142,1364.49,2026-01-16 13:18:42.671925,0
User_118,User_60,976.32,2026-01-16 13:18:42.671963,0
User_18,User_88,653.91,2026-01-16 13:18:42.672032,0
User_57,User_68,4920.0,2026-01-16 13:18:42.672281,0
User_11,User_67,3961.95,2026-01-16 13:18:42.672455,0
User_26,User_193,4984.69,2026-01-16 13:18:42.672618,0
User_130,User_84,870.1,2026-01-16 13:18:42.673003,0
User_146,User_99,726.94,2026-01-16 13:18:42.673009,0
User_12,User_137,667.95,2026-01-16 13:18:42.673050,0
User_97,User_1,1866.64,2026-01-16 13:18:42.673061,0
User_172,User_125,993.24,2026-01-16 13:18:42.673274,0
User_174,User_19,2679.21,2026-01-16 13:18:42.673303,0
User_91,User_29,3019.11,2026-01-16 13:18:42.673494,0
User_142,User_145,846.99,2026-01-16 13:18:42.673498,0
User_159,User_68,4488.47,2026-01-16 13:18:42.673527,0
User_101,User_63,658.94,2026-01-16 13:18:42.673802,0
User_66,User_39,1445.28,2026-01-16 13:18:42.673811,0
User_176,User_197,4044.09,2026-01-16 13:18:42.673831,0
User_19,User_164,3662.02,2026-01-16 13:18:42.673845,0
User_194,User_179,4638.29,2026-01-16 13:18:42.674059,0
User_98,User_101,2892.1,2026-01-16 13:18:42.674333,0
User_145,User_67,4680.19,2026-01-16 13:18:42.674469,0
User_57,User_21,1616.3,2026-01-16 13:18:42.674862,0
User_139,User_178,4241.67,2026-01-16 13:18:42.674963,0
User_122,User_161,880.95,2026-01-16 13:18:42.674967,0
User_15,User_179,1786.75,2026-01-16 13:18:42.675135,0
User_85,User_178,2680.7,2026-01-16 13:18:42.675221,0
User_86,User_41,1365.68,2026-01-16 13:18:42.675462,0
User_114,User_38,3760.29,2026-01-16 13:18:42.675562,0
User_77,User_41,611.31,2026-01-16 13:18:42.675700,0
User_1,User_26,883.25,2026-01-16 13:18:42.675734,0
User_3,User_63,954.07,2026-01-16 13:18:42.675843,0
User_104,User_114,1234.51,2026-01-16 13:18:42.675850,0
User_146,User_43,4082.89,2026-01-16 13:18:42.675884,0
User_121,User_39,4952.55,2026-01-16 13:18:42.675995,0
User_110,User_84,1637.75,2026-01-16 13:18:42.676162,0
User_112,User_86,315.13,2026-01-16 13:18:42.676208,0
User_79,User_69,2983.33,2026-01-16 13:18:42.676258,0
User_81,User_115,3455.42,2026-01-16 13:18:42.676402,0
User_149,User_51,2343.9,2026-01-16 13:18:42.676600,0
User_121,User_187,359.51,2026-01-16 13:18:42.676660,0
User_120,User_48,980.52,2026-01-16 13:18:42.676795,0
User_117,User_14,2189.1,2026-01-16 13:18:42.676892,0
User_28,User_29,4522.52,2026-01-16 13:18:42.676899,0
User_147,User_52,4452.86,2026-01-17 13:18:42.670167,0
User_196,User_194,2671.51,2026-01-17 13:18:42.670315,0
User_151,User_122,4497.63,2026-01-17 13:18:42.670326,0
User_180,User_181,1952.38,2026-01-17 13:18:42.670354,0
User_183,User_115,214.71,2026-01-17 13:18:42.670424,0
User_160,User_132,1999.85,2026-01-17 13:18:42.670599,0
User_108,User_70,2491.18,2026-01-17 13:18:42.670659,0
User_186,User_29,1449.53,2026-01-17 13:18:42.670755,0
User_114,User_62,4218.08,2026-01-17 13:18:42.670836,0
User_123,User_99,1238.52,2026-01-17 13:18:42.670847,0
User_105,User_21,755.2,2026-01-17 13:18:42.670927,0
User_74,User_176,1015.94,2026-01-17 13:18:42.670986,0
User_100,User_69,2054.19,2026-01-17 13:18:42.671206,0
User_178,User_122,3327.46,2026-01-17 13:18:42.671416,0
User_155,User_44,1204.51,2026-01-17 13:18:42.671806,0
User_115,User_117,1491.45,2026-01-17 13:18:42.671858,0
User_89,User_100,4948.89,2026-01-17 13:18:42.671904,0
User_65,User_104,1392.48,2026-01-17 13:18:42.672009,0
User_52,User_184,1316.02,2026-01-17 13:18:42.672477,0
User_15,User_105,2570.8,2026-01-17 13:18:42.672518,0
User_153,User_170,911.16,2026-01-17 13:18:42.672530,0
User_91,User_10,4026.88,2026-01-17 13:18:42.672606,0
User_180,User_69,1628.42,2026-01-17 13:18:42.672769,0
User_57,User_190,4922.74,2026-01-17 13:18:42.673240,0
User_17,User_108,2728.5,2026-01-17 13:18:42.673414,0
User_197,User_174,368.28,2026-01-17 13:18:42.673692,0
User_140,User_197,2531.89,2026-01-17 13:18:42.673933,0
User_171,User_173,3171.83,2026-01-17 13:18:42.674112,0
User_155,User_74,4106.97,2026-01-17 13:18:42.674382,0
User_85,User_199,2501.61,2026-01-17 13:18:42.674560,0
User_101,User_56,3927.48,2026-01-17 13:18:42.674586,0
User_90,User_145,2461.67,2026-01-17 13:18:42.674702,0
User_164,User_158,2215.61,2026-01-17 13:18:42.674733,0
User_156,User_198,1676.43,2026-01-17 13:18:42.675066,0
User_3,User_111,3020.77,2026-01-17 13:18:42.675182,0
User_21,User_175,118.38,2026-01-17 13:18:42.675199,0
User_127,User_186,1641.25,2026-01-17 13:18:42.675235,0
User_121,User_34,4078.42,2026-01-17 13:18:42.675328,0
User_195,User_56,2142.25,2026-01-17 13:18:42.675494,0
User_100,User_174,3221.46,2026-01-17 13:18:42.675799,0
User_65,User_26,391.94,2026-01-17 13:18:42.675856,0
User_22,User_147,4572.07,2026-01-17 13:18:42.675871,0
User_160,User_61,1165.61,2026-01-17 13:18:42.675907,0
User_118,User_126,3951.51,2026-01-17 13:18:42.676168,0
User_138,User_162,2626.48,2026-01-17 13:18:42.676333,0
User_61,User_108,1604.98,2026-01-17 13:18:42.676479,0
User_37,User_58,658.58,2026-01-17 13:18:42.676518,0
User_158,User_27,2840.76,2026-01-17 13:18:42.676527,0
User_41,User_46,4056.6,2026-01-17 13:18:42.676708,0
User_80,User_67,2666.54,2026-01-17 13:18:42.676723,0
User_127,User_18,688.89,2026-01-17 13:18:42.676811,0
User_34,User_58,2632.26,2026-01-17 13:18:42.676930,0
User_100,User_124,1476.5,2026-01-17 13:18:42.676975,0
User_129,User_76,4417.57,2026-01-18 13:18:42.669427,0
User_188,User_66,2899.92,2026-01-18 13:18:42.669578,0
User_113,User_36,1079.47,2026-01-18 13:18:42.670396,0
User_151,User_99,1088.31,2026-01-18 13:18:42.670441,0
User_78,User_27,3508.13,2026-01-18 13:18:42.670572,0
User_39,User_49,2465.8,2026-01-18 13:18:42.671243,0
User_22,User_130,2013.32,2026-01-18 13:18:42.671254,0
User_43,User_59,4900.19,2026-01-18 13:18:42.671590,0
User_182,User_143,1166.37,2026-01-18 13:18:42.671741,0
User_168,User_133,671.69,2026-01-18 13:18:42.671989,0
User_144,User_160,3168.42,2026-01-18 13:18:42.672025,0
User_93,User_60,79.65,2026-01-18 13:18:42.672217,0
User_97,User_153,4453.93,2026-01-18 13:18:42.672439,0
User_144,User_4,509.82,2026-01-18 13:18:42.672590,0
User_70,User_37,3778.4,2026-01-18 13:18:42.673661,0
User_189,User_153,1798.47,2026-01-18 13:18:42.673835,0
User_180,User_108,2269.03,2026-01-18 13:18:42.673920,0
User_64,User_87,2223.25,2026-01-18 13:18:42.674238,0
User_151,User_35,4209.81,2026-01-18 13:18:42.674577,0
User_42,User_48,798.71,2026-01-18 13:18:42.675128,0
User_183,User_35,788.9,2026-01-18 13:18:42.675194,0
User_66,User_124,4874.73,2026-01-18 13:18:42.675218,0
User_53,User_130,2823.96,2026-01-18 13:18:42.675247,0
User_39,User_164,23.87,2026-01-18 13:18:42.675347,0
User_139,User_194,927.36,2026-01-18 13:18:42.675683,0
User_94,User_4,307.59,2026-01-18 13:18:42.676052,0
User_89,User_124,1099.3,2026-01-18 13:18:42.676241,0
User_195,User_54,3546.34,2026-01-18 13:18:42.676320,0
User_164,User_153,4457.49,2026-01-18 13:18:42.676367,0
User_33,User_176,3438.59,2026-01-18 13:18:42.676591,0
User_47,User_96,3958.71,2026-01-18 13:18:42.676711,0
User_62,User_113,2149.72,2026-01-18 13:18:42.676859,0
User_51,User_132,3380.63,2026-01-18 13:18:42.676923,0
User_172,User_7,1816.52,2026-01-18 13:18:42.676971,0
User_199,User_109,2440.28,2026-01-19 13:18:42.669645,0
User_50,User_39,1674.05,2026-01-19 13:18:42.670435,0
User_80,User_8,1538.09,2026-01-19 13:18:42.670559,0
User_53,User_59,2660.8,2026-01-19 13:18:42.670810,0
User_144,User_178,303.79,2026-01-19 13:18:42.670882,0
User_133,User_23,95.08,2026-01-19 13:18:42.670904,0
User_29,User_151,2932.42,2026-01-19 13:18:42.671307,0
User_190,User_161,1444.44,2026-01-19 13:18:42.671333,0
User_157,User_143,4157.54,2026-01-19 13:18:42.671361,0
User_133,User_155,2905.68,2026-01-19 13:18:42.671611,0
User_77,User_170,724.46,2026-01-19 13:18:42.671868,0
User_80,User_46,2168.34,2026-01-19 13:18:42.671979,0
User_8,User_190,400.93,2026-01-19 13:18:42.672123,0
User_121,User_49,4211.31,2026-01-19 13:18:42.672276,0
User_194,User_168,3215.15,2026-01-19 13:18:42.672422,0
User_150,User_54,4325.85,2026-01-19 13:18:42.672488,0
User_87,User_55,1265.59,2026-01-19 13:18:42.672494,0
User_124,User_102,351.71,2026-01-19 13:18:42.672842,0
User_66,User_74,3295.63,2026-01-19 13:18:42.673311,0
User_96,User_88,1026.7,2026-01-19 13:18:42.673466,0
User_166,User_89,35.16,2026-01-19 13:18:42.673636,0
User_125,User_87,1928.93,2026-01-19 13:18:42.673639,0
User_104,User_25,4991.24,2026-01-19 13:18:42.673695,0
User_2,User_76,3494.19,2026-01-19 13:18:42.673999,0
User_143,User_144,2252.89,2026-01-19 13:18:42.674068,0
User_188,User_114,2930.63,2026-01-19 13:18:42.674434,0
User_120,User_141,3696.28,2026-01-19 13:18:42.674443,0
User_25,User_154,2603.82,2026-01-19 13:18:42.674474,0
User_170,User_101,1300.35,2026-01-19 13:18:42.674508,0
User_157,User_81,2612.88,2026-01-19 13:18:42.674543,0
User_137,User_18,3741.13,2026-01-19 13:18:42.674615,0
User_135,User_26,400.67,2026-01-19 13:18:42.674769,0
User_184,User_29,2918.53,2026-01-19 13:18:42.675008,0
User_109,User_199,3499.95,2026-01-19 13:18:42.675263,0
User_86,User_79,891.88,2026-01-19 13:18:42.675351,0
User_7,User_82,2638.58,2026-01-19 13:18:42.675485,0
User_87,User_39,3676.04,2026-01-19 13:18:42.675489,0
User_15,User_144,2731.16,2026-01-19 13:18:42.675551,0
User_80,User_11,4609.84,2026-01-19 13:18:42.675744,0
User_31,User_103,1032.11,2026-01-19 13:18:42.676094,0
User_182,User_34,76.53,2026-01-19 13:18:42.676097,0
User_9,User_89,4360.92,2026-01-19 13:18:42.676299,0
User_174,User_11,4821.65,2026-01-19 13:18:42.676376,0
User_121,User_23,3900.48,2026-01-19 13:18:42.676482,0
User_164,User_138,4768.51,2026-01-19 13:18:42.676689,0
User_139,User_43,1428.59,2026-01-19 13:18:42.676692,0
User_113,User_137,3418.0,2026-01-19 13:18:42.676705,0
User_85,User_190,3836.3,2026-01-19 13:18:42.676768,0
User_58,User_52,2783.06,2026-01-19 13:18:42.676853,0
User_136,User_119,1105.23,2026-01-20 13:18:42.669544,0
User_51,User_36,1865.64,2026-01-20 13:18:42.669600,0
User_102,User_2,3399.24,2026-01-20 13:18:42.669640,0
User_81,User_127,4123.77,2026-01-20 13:18:42.670154,0
User_194,User_72,4111.9,2026-01-20 13:18:42.670331,0
User_69,User_57,2467.22,2026-01-20 13:18:42.670457,0
User_3,User_102,1072.52,2026-01-20 13:18:42.670588,0
User_114,User_72,2427.24,2026-01-20 13:18:42.670630,0
User_155,User_21,86.66,2026-01-20 13:18:42.670772,0
User_137,User_41,3272.58,2026-01-20 13:18:42.671026,0
User_79,User_121,1321.93,2026-01-20 13:18:42.671318,0
User_66,User_168,2913.49,2026-01-20 13:18:42.671515,0
User_115,User_81,761.42,2026-01-20 13:18:42.671678,0
User_115,User_70,2668.28,2026-01-20 13:18:42.671795,0
User_193,User_140,3968.11,2026-01-20 13:18:42.672037,0
User_91,User_100,2584.67,2026-01-20 13:18:42.672330,0
User_146,User_18,2581.41,2026-01-20 13:18:42.672377,0
User_0,User_109,4518.79,2026-01-20 13:18:42.672389,0
User_93,User_11,35.4,2026-01-20 13:18:42.672678,0
User_148,User_69,2768.0,2026-01-20 13:18:42.672705,0
User_114,User_187,4919.81,2026-01-20 13:18:42.672935,0
User_137,User_125,1971.33,2026-01-20 13:18:42.672944,0
User_20,User_174,715.8,2026-01-20 13:18:42.672998,0
User_96,User_98,4774.92,2026-01-20 13:18:42.673099,0
User_1,User_119,3276.33,2026-01-20 13:18:42.673389,0
User_86,User_79,4762.08,2026-01-20 13:18:42.673605,0
User_194,User_147,847.1,2026-01-20 13:18:42.673824,0
User_198,User_80,2149.17,2026-01-20 13:18:42.673894,0
User_9,User_105,1518.91,2026-01-20 13:18:42.673978,0
User_58,User_179,2941.87,2026-01-20 13:18:42.674124,0
User_14,User_137,2941.89,2026-01-20 13:18:42.674179,0
User_183,User_26,4185.54,2026-01-20 13:18:42.674289,0
User_153,User_188,2748.85,2026-01-20 13:18:42.674737,0
User_183,User_84,492.69,2026-01-20 13:18:42.675070,0
User_49,User_119,3328.03,2026-01-20 13:18:42.675379,0
User_59,User_187,4217.73,2026-01-20 13:18:42.675465,0
User_136,User_33,3846.81,2026-01-20 13:18:42.675512,0
User_117,User_111,347.63,2026-01-20 13:18:42.675554,0
User_17,User_53,4916.57,2026-01-20 13:18:42.675584,0
User_81,User_198,41.62,2026-01-20 13:18:42.675616,0
User_40,User_169,789.46,2026-01-20 13:18:42.675785,0
User_59,User_73,4128.45,2026-01-20 13:18:42.675832,0
User_128,User_56,149.17,2026-01-20 13:18:42.675880,0
User_129,User_146,2609.56,2026-01-20 13:18:42.675950,0
User_26,User_187,1465.67,2026-01-20 13:18:42.676106,0
User_152,User_176,3605.27,2026-01-20 13:18:42.676244,0
User_14,User_122,286.77,2026-01-20 13:18:42.676262,0
User_99,User_34,883.72,2026-01-20 13:18:42.676336,0
User_71,User_155,3489.87,2026-01-20 13:18:42.676437,0
User_178,User_176,2048.87,2026-01-20 13:18:42.676465,0
User_163,User_111,4788.15,2026-01-20 13:18:42.676501,0
User_58,User_120,3847.09,2026-01-20 13:18:42.676638,0
User_98,User_182,1016.38,2026-01-20 13:18:42.676784,0
User_23,User_51,161.08,2026-01-20 13:18:42.676798,0
User_181,User_33,961.8,2026-01-20 13:18:42.676994,0
User_66,User_165,657.98,2026-01-21 13:18:42.669462,0
User_89,User_169,3092.63,2026-01-21 13:18:42.669680,0
User_57,User_130,4179.58,2026-01-21 13:18:42.670184,0
User_126,User_137,3812.49,2026-01-21 13:18:42.670280,0
User_170,User_95,3203.17,2026-01-21 13:18:42.670414,0
User_193,User_125,767.58,2026-01-21 13:18:42.670665,0
User_155,User_60,4569.41,2026-01-21 13:18:42.670692,0
User_152,User_47,3460.99,2026-01-21 13:18:42.671168,0
User_172,User_28,92.37,2026-01-21 13:18:42.671411,0
User_66,User_195,3524.63,2026-01-21 13:18:42.671574,0
User_13,User_62,4894.7,2026-01-21 13:18:42.671658,0
User_117,User_25,4880.88,2026-01-21 13:18:42.671725,0
User_21,User_66,385.2,2026-01-21 13:18:42.671899,0
User_129,User_93,1139.6,2026-01-21 13:18:42.672069,0
User_23,User_106,4318.8,2026-01-21 13:18:42.672244,0
User_53,User_19,3205.14,2026-01-21 13:18:42.672297,0
User_147,User_168,539.21,2026-01-21 13:18:42.672406,0
User_9,User_39,3688.02,2026-01-21 13:18:42.672573,0
User_23,User_64,525.36,2026-01-21 13:18:42.673115,0
User_32,User_93,1487.13,2026-01-21 13:18:42.673351,0
User_44,User_19,201.29,2026-01-21 13:18:42.673425,0
User_62,User_195,3185.11,2026-01-21 13:18:42.673749,0
User_105,User_184,1668.11,2026-01-21 13:18:42.673771,0
User_187,User_85,2672.72,2026-01-21 13:18:42.674011,0
User_39,User_28,2814.01,2026-01-21 13:18:42.674046,0
User_101,User_10,4737.72,2026-01-21 13:18:42.674219,0
User_23,User_142,3390.77,2026-01-21 13:18:42.674316,0
User_31,User_27,1654.63,2026-01-21 13:18:42.674324,0
User_19,User_122,2001.47,2026-01-21 13:18:42.674348,0
User_86,User_127,2050.08,2026-01-21 13:18:42.674478,0
User_197,User_63,4355.67,2026-01-21 13:18:42.674685,0
User_16,User_11,1628.99,2026-01-21 13:18:42.674757,0
User_40,User_32,3401.1,2026-01-21 13:18:42.674766,0
User_164,User_79,3572.35,2026-01-21 13:18:42.675060,0
User_182,User_137,3125.84,2026-01-21 13:18:42.675450,0
User_60,User_103,2335.06,2026-01-21 13:18:42.675537,0
User_86,User_53,3931.13,2026-01-21 13:18:42.675568,0
User_99,User_144,4346.91,2026-01-21 13:18:42.675727,0
User_26,User_4,2991.5,2026-01-21 13:18:42.675812,0
User_74,User_1,34.43,2026-01-21 13:18:42.675946,0
User_141,User_117,2575.67,2026-01-21 13:18:42.675977,0
User_22,User_61,4261.6,2026-01-21 13:18:42.676003,0
User_55,User_62,2735.49,2026-01-21 13:18:42.676200,0
User_27,User_174,1784.82,2026-01-21 13:18:42.676221,0
User_44,User_192,1412.5,2026-01-21 13:18:42.676255,0
User_47,User_196,1418.52,2026-01-21 13:18:42.676354,0
User_80,User_2,2003.76,2026-01-21 13:18:42.676546,0
User_46,User_108,3769.87,2026-01-21 13:18:42.676585,0
User_41,User_132,3295.55,2026-01-21 13:18:42.676626,0
User_125,User_51,654.78,2026-01-21 13:18:42.676911,0
User_49,User_147,4201.43,2026-01-22 13:18:42.670234,0
User_173,User_17,2479.77,2026-01-22 13:18:42.670303,0
User_9,User_161,4997.95,2026-01-22 13:18:42.670538,0
User_68,User_141,2974.55,2026-01-22 13:18:42.670805,0
User_131,User_53,1904.68,2026-01-22 13:18:42.671096,0
User_182,User_27,1099.37,2026-01-22 13:18:42.671427,0
User_53,User_118,4083.49,2026-01-22 13:18:42.671525,0
User_156,User_107,947.46,2026-01-22 13:18:42.671785,0
User_98,User_121,62.79,2026-01-22 13:18:42.672223,0
User_153,User_116,3610.74,2026-01-22 13:18:42.672302,0
User_170,User_14,1610.69,2026-01-22 13:18:42.672524,0
User_90,User_151,207.91,2026-01-22 13:18:42.673198,0
User_156,User_60,3866.9,2026-01-22 13:18:42.673878,0
User_145,User_80,4320.8,2026-01-22 13:18:42.673929,0
User_25,User_183,1888.08,2026-01-22 13:18:42.674356,0
User_169,User_21,1563.33,2026-01-22 13:18:42.674651,0
User_151,User_16,2767.9,2026-01-22 13:18:42.674655,0
User_199,User_179,612.87,2026-01-22 13:18:42.674659,0
User_161,User_177,453.15,2026-01-22 13:18:42.674698,0
User_169,User_28,1158.27,2026-01-22 13:18:42.674985,0
User_76,User_17,2552.33,2026-01-22 13:18:42.675089,0
User_102,User_73,2910.08,2026-01-22 13:18:42.675154,0
User_158,User_175,1975.76,2026-01-22 13:18:42.675365,0
User_22,User_94,4171.09,2026-01-22 13:18:42.675394,0
User_101,User_126,1292.31,2026-01-22 13:18:42.675427,0
User_29,User_173,348.39,2026-01-22 13:18:42.675578,0
User_60,User_82,1487.51,2026-01-22 13:18:42.675581,0
User_132,User_173,3809.96,2026-01-22 13:18:42.675624,0
User_134,User_6,4001.59,2026-01-22 13:18:42.675628,0
User_17,User_124,1844.74,2026-01-22 13:18:42.676023,0
User_117,User_98,3764.22,2026-01-22 13:18:42.676047,0
User_77,User_103,2725.96,2026-01-22 13:18:42.676120,0
User_186,User_179,3338.07,2026-01-22 13:18:42.676144,0
User_192,User_133,4307.45,2026-01-22 13:18:42.676247,0
User_145,User_118,1843.42,2026-01-22 13:18:42.676430,0
User_93,User_38,4254.25,2026-01-22 13:18:42.676572,0
User_89,User_54,246.3,2026-01-22 13:18:42.676613,0
User_40,User_27,233.81,2026-01-22 13:18:42.676683,0
User_49,User_185,846.91,2026-01-22 13:18:42.676934,0
User_85,User_53,3568.86,2026-01-23 13:18:42.669504,0
User_90,User_140,210.21,2026-01-23 13:18:42.670206,0
User_149,User_155,2884.74,2026-01-23 13:18:42.670708,0
User_77,User_168,3119.6,2026-01-23 13:18:42.670921,0
User_90,User_144,3054.37,2026-01-23 13:18:42.670932,0
User_29,User_148,175.64,2026-01-23 13:18:42.671801,0
User_74,User_178,4430.11,2026-01-23 13:18:42.671878,0
User_195,User_12,3496.93,2026-01-23 13:18:42.672118,0
User_114,User_55,3975.84,2026-01-23 13:18:42.672239,0
User_85,User_132,129.78,2026-01-23 13:18:42.672348,0
User_28,User_132,3926.79,2026-01-23 13:18:42.672428,0
User_101,User_97,139.92,2026-01-23 13:18:42.672684,0
User_13,User_60,3940.54,2026-01-23 13:18:42.673072,0
User_123,User_173,2422.07,2026-01-23 13:18:42.673267,0
User_127,User_71,2468.13,2026-01-23 13:18:42.673337,0
User_197,User_36,4940.68,2026-01-23 13:18:42.673356,0
User_96,User_133,2421.59,2026-01-23 13:18:42.673374,0
User_144,User_192,2437.31,2026-01-23 13:18:42.673562,0
User_140,User_114,2484.35,2026-01-23 13:18:42.673586,0
User_61,User_143,1948.34,2026-01-23 13:18:42.674148,0
User_99,User_106,1236.91,2026-01-23 13:18:42.674271,0
User_118,User_1,2299.57,2026-01-23 13:18:42.674457,0
User_77,User_66,3881.02,2026-01-23 13:18:42.674483,0
User_190,User_164,3204.96,2026-01-23 13:18:42.674724,0
User_97,User_25,4025.75,2026-01-23 13:18:42.674784,0
User_75,User_118,4629.37,2026-01-23 13:18:42.674909,0
User_196,User_61,3589.82,2026-01-23 13:18:42.675015,0
User_73,User_135,4558.37,2026-01-23 13:18:42.675118,0
User_195,User_130,598.96,2026-01-23 13:18:42.675121,0
User_64,User_106,920.05,2026-01-23 13:18:42.675124,0
User_163,User_47,4323.3,2026-01-23 13:18:42.675147,0
User_55,User_31,1855.9,2026-01-23 13:18:42.675167,0
User_50,User_21,763.22,2026-01-23 13:18:42.675174,0
User_99,User_14,3578.98,2026-01-23 13:18:42.675211,0
User_187,User_13,948.98,2026-01-23 13:18:42.675282,0
User_154,User_85,471.0,2026-01-23 13:18:42.675390,0
User_184,User_182,4993.25,2026-01-23 13:18:42.675501,0
User_74,User_196,1979.66,2026-01-23 13:18:42.675540,0
User_94,User_20,2689.55,2026-01-23 13:18:42.675575,0
User_113,User_130,1578.4,2026-01-23 13:18:42.675587,0
User_2,User_69,1955.99,2026-01-23 13:18:42.675612,0
User_34,User_83,1093.05,2026-01-23 13:18:42.675796,0
User_142,User_134,1162.38,2026-01-23 13:18:42.676137,0
User_119,User_55,1368.13,2026-01-23 13:18:42.676140,0
User_27,User_90,3812.78,2026-01-23 13:18:42.676147,0
User_173,User_147,2382.61,2026-01-23 13:18:42.676153,0
User_77,User_46,4809.04,2026-01-23 13:18:42.676285,0
User_197,User_54,431.31,2026-01-23 13:18:42.676292,0
User_15,User_89,3064.43,2026-01-23 13:18:42.676324,0
User_40,User_28,2551.7,2026-01-23 13:18:42.676521,0
User_114,User_62,3468.49,2026-01-23 13:18:42.676632,0
User_151,User_142,2600.83,2026-01-23 13:18:42.676663,0
User_178,User_131,4025.7,2026-01-23 13:18:42.676762,0
User_199,User_40,650.62,2026-01-23 13:18:42.676832,0
User_180,User_87,3098.93,2026-01-23 13:18:42.676845,0
User_165,User_170,1814.22,2026-01-23 13:18:42.676866,0
User_41,User_46,113.41,2026-01-23 13:18:42.676937,0
User_53,User_135,1160.57,2026-01-23 13:18:42.676991,0
User_131,User_160,4584.86,2026-01-24 13:18:42.669445,0
User_75,User_143,165.08,2026-01-24 13:18:42.669691,0
User_56,User_105,2784.52,2026-01-24 13:18:42.670546,0
User_30,User_179,4106.12,2026-01-24 13:18:42.670583,0
User_121,User_124,2420.81,2026-01-24 13:18:42.670970,0
User_106,User_90,444.03,2026-01-24 13:18:42.671530,0
User_177,User_167,704.15,2026-01-24 13:18:42.671816,0
User_170,User_51,2076.21,2026-01-24 13:18:42.672228,0
User_136,User_47,2490.84,2026-01-24 13:18:42.672260,0
User_52,User_182,2700.25,2026-01-24 13:18:42.672568,0
User_1,User_133,3501.21,2026-01-24 13:18:42.672662,0
User_57,User_79,3393.5,2026-01-24 13:18:42.673282,0
User_166,User_36,258.65,2026-01-24 13:18:42.673300,0
User_82,User_133,4174.11,2026-01-24 13:18:42.673448,0
User_105,User_37,1713.38,2026-01-24 13:18:42.673486,0
User_13,User_61,2446.53,2026-01-24 13:18:42.673550,0
User_49,User_182,1394.09,2026-01-24 13:18:42.673699,0
User_137,User_79,4043.52,2026-01-24 13:18:42.673707,0
User_166,User_188,2824.0,2026-01-24 13:18:42.673739,0
User_41,User_90,3107.2,2026-01-24 13:18:42.673882,0
User_90,User_44,1491.43,2026-01-24 13:18:42.673937,0
User_26,User_21,626.06,2026-01-24 13:18:42.673950,0
User_38,User_166,4053.8,2026-01-24 13:18:42.673958,0
User_182,User_79,4111.14,2026-01-24 13:18:42.674079,0
User_109,User_157,3499.1,2026-01-24 13:18:42.674215,0
User_64,User_68,2848.66,2026-01-24 13:18:42.674307,0
User_20,User_166,1004.89,2026-01-24 13:18:42.674378,0
User_16,User_180,4597.81,2026-01-24 13:18:42.674530,0
User_191,User_113,4091.58,2026-01-24 13:18:42.674668,0
User_39,User_93,1430.78,2026-01-24 13:18:42.674801,0
User_143,User_20,620.6,2026-01-24 13:18:42.674804,0
User_19,User_130,1220.41,2026-01-24 13:18:42.675001,0
User_153,User_156,4051.44,2026-01-24 13:18:42.675019,0
User_198,User_102,3732.66,2026-01-24 13:18:42.675759,0
User_65,User_174,240.94,2026-01-24 13:18:42.675790,0
User_120,User_43,766.47,2026-01-24 13:18:42.675973,0
User_113,User_182,432.92,2026-01-24 13:18:42.676174,0
User_30,User_70,4734.44,2026-01-24 13:18:42.676305,0
User_144,User_85,2069.43,2026-01-24 13:18:42.676423,0
User_130,User_97,106.4,2026-01-24 13:18:42.676733,0
User_175,User_142,29725.47,2026-01-24 13:18:42.678999,1
User_142,User_144,27765.06,2026-01-24 13:18:42.679015,1
User_144,User_69,28709.07,2026-01-24 13:18:42.679020,1
User_69,User_3,29702.03,2026-01-24 13:18:42.679023,1
User_3,User_175,29356.39,2026-01-24 13:18:42.679026,1
User_126,User_184,28638.28,2026-01-24 13:18:42.679046,1
User_184,User_88,28388.56,2026-01-24 13:18:42.679050,1
User_88,User_126,27072.85,2026-01-24 13:18:42.679052,1
User_51,User_87,43074.54,2026-01-24 13:18:42.679064,1
User_87,User_79,42471.68,2026-01-24 13:18:42.679094,1
User_79,User_51,41585.04,2026-01-24 13:18:42.679097,1
User_63,User_133,44447.31,2026-01-24 13:18:42.679109,1
User_133,User_182,44762.81,2026-01-24 13:18:42.679112,1
User_182,User_175,42853.41,2026-01-24 13:18:42.679115,1
User_175,User_63,41820.02,2026-01-24 13:18:42.679118,1
User_190,User_82,39300.65,2026-01-24 13:18:42.679129,1
User_82,User_105,37272.48,2026-01-24 13:18:42.679131,1
User_105,User_195,38730.29,2026-01-24 13:18:42.679134,1
User_195,User_190,40438.21,2026-01-24 13:18:42.679136,1
